Subject,AgeGroup,Run,Item,PC1,PC2
222,6-9yo,1,1,17.920996,3.3152797
222,6-9yo,2,1,-8.513693,-1.7800984
222,6-9yo,3,1,-8.535905,10.305795
222,6-9yo,1,2,3.9028811,-6.29178
222,6-9yo,2,2,-4.3318863,-2.687502
222,6-9yo,3,2,11.729251,-4.459852
222,6-9yo,1,3,-10.802682,-9.393399
222,6-9yo,2,3,2.8893526,10.086156
222,6-9yo,3,3,-11.024761,-9.86743
222,6-9yo,1,4,-11.021189,12.369895
222,6-9yo,2,4,9.956225,-5.618556
222,6-9yo,3,4,7.831416,4.0214863
211,6-9yo,1,1,14.522558,-8.357983
211,6-9yo,2,1,-12.911888,-0.043134566
211,6-9yo,3,1,2.442722,17.045197
211,6-9yo,1,2,11.374214,10.145433
211,6-9yo,2,2,-8.443428,-4.3837247
211,6-9yo,3,2,-3.0826473,0.11561773
211,6-9yo,1,3,-11.476297,-6.722758
211,6-9yo,2,3,14.338077,-9.375289
211,6-9yo,3,3,15.179067,-9.784699
211,6-9yo,1,4,-14.420479,4.935304
211,6-9yo,2,4,7.0172396,13.802151
211,6-9yo,3,4,-14.539139,-7.376115
351,6-9yo,1,1,17.488634,-5.0111346
351,6-9yo,2,1,-13.174752,-10.030676
351,6-9yo,3,1,14.624908,-4.1069927
351,6-9yo,1,2,0.9089234,9.585967
351,6-9yo,2,2,2.178531,-5.065574
351,6-9yo,3,2,-4.282321,13.463097
351,6-9yo,1,3,-4.782643,1.8838893
351,6-9yo,2,3,17.855354,-0.71087724
351,6-9yo,3,3,3.6094768,-0.7299726
351,6-9yo,1,4,-13.614906,-6.4587274
351,6-9yo,2,4,-6.8591347,15.807122
351,6-9yo,3,4,-13.952065,-8.62614
298,6-9yo,1,1,-5.2936745,8.734342
298,6-9yo,2,1,-5.4107237,-5.736512
298,6-9yo,3,1,-0.9388004,7.706751
298,6-9yo,1,2,11.050683,1.7934421
298,6-9yo,2,2,9.0419655,-3.750754
298,6-9yo,3,2,10.689778,-5.17101
298,6-9yo,1,3,2.3994894,-5.6320553
298,6-9yo,2,3,4.562724,6.319345
298,6-9yo,3,3,0.43310165,3.455511
298,6-9yo,1,4,-8.156501,-4.895728
298,6-9yo,2,4,-8.193973,3.1679235
298,6-9yo,3,4,-10.184082,-5.991257
226,6-9yo,1,1,-14.816096,-3.8035498
226,6-9yo,2,1,3.9834976,-15.169799
226,6-9yo,3,1,22.500992,-1.011437
226,6-9yo,1,2,22.531876,-4.6981354
226,6-9yo,2,2,-10.083964,-11.992897
226,6-9yo,3,2,5.5990005,-7.023131
226,6-9yo,1,3,-6.9362273,-9.117182
226,6-9yo,2,3,-17.219213,17.1177
226,6-9yo,3,3,-7.630033,17.644043
226,6-9yo,1,4,-0.77955204,17.618868
226,6-9yo,2,4,23.319675,10.045002
226,6-9yo,3,4,-20.469957,-9.609471
323,6-9yo,1,1,3.4689085,10.7798395
323,6-9yo,2,1,12.823567,-4.9054227
323,6-9yo,3,1,13.297614,-1.971099
323,6-9yo,1,2,13.662572,-4.5301847
323,6-9yo,2,2,-10.143536,3.8351192
323,6-9yo,3,2,-3.350593,11.037638
323,6-9yo,1,3,-10.71048,3.6436355
323,6-9yo,2,3,3.452676,11.305806
323,6-9yo,3,3,-7.5504365,-8.045401
323,6-9yo,1,4,-6.4210005,-9.893287
323,6-9yo,2,4,-6.1327114,-10.235507
323,6-9yo,3,4,-2.396582,-1.0211426
341,6-9yo,1,1,18.614244,-10.1066265
341,6-9yo,2,1,-10.676957,-9.381442
341,6-9yo,3,1,-9.646921,16.499073
341,6-9yo,1,2,-17.35849,-11.507278
341,6-9yo,2,2,-6.3180685,12.999372
341,6-9yo,3,2,3.4563236,-4.091583
341,6-9yo,1,3,-0.85048014,6.4287868
341,6-9yo,2,3,3.737028,-3.143808
341,6-9yo,3,3,-13.085291,-12.745898
341,6-9yo,1,4,-0.4052761,15.185117
341,6-9yo,2,4,13.257993,-0.4741181
341,6-9yo,3,4,19.275892,0.33841395
229,6-9yo,1,1,-5.3681064,-1.1739175
229,6-9yo,2,1,-8.410061,7.8749056
229,6-9yo,3,1,-4.4369197,10.419707
229,6-9yo,1,2,-0.6083975,12.086567
229,6-9yo,2,2,-1.3626485,-5.771039
229,6-9yo,3,2,10.839049,0.33299604
229,6-9yo,1,3,18.056076,-4.3393245
229,6-9yo,2,3,13.4130535,2.9733498
229,6-9yo,3,3,-9.35153,-6.0431275
229,6-9yo,1,4,-12.079571,-6.5733213
229,6-9yo,2,4,-3.640347,-5.0772204
229,6-9yo,3,4,2.9494,-4.7095766
279,6-9yo,1,1,24.99899,-10.864325
279,6-9yo,2,1,-13.8796425,0.36518878
279,6-9yo,3,1,-6.5298767,13.311206
279,6-9yo,1,2,-4.8660216,8.463835
279,6-9yo,2,2,23.171837,-7.813954
279,6-9yo,3,2,15.456328,2.2437322
279,6-9yo,1,3,-22.797083,-12.033488
279,6-9yo,2,3,3.9419246,16.57601
279,6-9yo,3,3,-1.0445147,-10.290762
279,6-9yo,1,4,2.6641247,14.433978
279,6-9yo,2,4,-13.23412,-9.127237
279,6-9yo,3,4,-7.881929,-5.2641754
282,6-9yo,1,1,13.932527,-2.4630084
282,6-9yo,2,1,14.948898,-3.4077947
282,6-9yo,3,1,-0.47620758,-8.202577
282,6-9yo,1,2,-3.4243283,-9.57302
282,6-9yo,2,2,-19.368399,-10.459585
282,6-9yo,3,2,-5.453864,-8.6335125
282,6-9yo,1,3,-11.363183,0.7166223
282,6-9yo,2,3,22.703012,2.486228
282,6-9yo,3,3,-9.683716,12.407045
282,6-9yo,1,4,0.85498095,11.319406
282,6-9yo,2,4,-18.283514,11.381155
282,6-9yo,3,4,15.61379,4.429048
350,6-9yo,1,1,15.966722,-5.1257195
350,6-9yo,2,1,-6.081107,10.681779
350,6-9yo,3,1,-10.562293,4.6439395
350,6-9yo,1,2,-6.9250913,2.4024596
350,6-9yo,2,2,16.468458,-1.9180902
350,6-9yo,3,2,16.68929,-7.1444798
350,6-9yo,1,3,-11.096715,-7.0622807
350,6-9yo,2,3,0.3254874,0.24106352
350,6-9yo,3,3,-9.725676,-11.954672
350,6-9yo,1,4,2.0550797,9.785546
350,6-9yo,2,4,-10.712841,-9.004753
350,6-9yo,3,4,3.598678,14.455213
212,6-9yo,1,1,2.7265851,3.588952
212,6-9yo,2,1,-6.592137,9.694717
212,6-9yo,3,1,16.369205,-4.037412
212,6-9yo,1,2,-3.9718404,10.293023
212,6-9yo,2,2,12.40816,0.10481017
212,6-9yo,3,2,-12.489305,-4.747295
212,6-9yo,1,3,-11.638847,-8.561507
212,6-9yo,2,3,-6.907949,-9.163747
212,6-9yo,3,3,-0.091175914,10.840061
212,6-9yo,1,4,12.884102,-5.3204665
212,6-9yo,2,4,1.0919292,-0.6357816
212,6-9yo,3,4,-3.788726,-2.055347
240,6-9yo,1,1,-8.739641,-7.9641314
240,6-9yo,2,1,-0.20166396,10.402082
240,6-9yo,3,1,-0.40349564,1.314713
240,6-9yo,1,2,17.040592,-2.013082
240,6-9yo,2,2,-1.9213153,-1.6443516
240,6-9yo,3,2,-11.252741,-6.5533
240,6-9yo,1,3,-4.6998124,-0.57329047
240,6-9yo,2,3,12.4451065,-4.017179
240,6-9yo,3,3,12.044132,-5.725542
240,6-9yo,1,4,-3.6011462,10.550507
240,6-9yo,2,4,-10.322129,-4.7405543
240,6-9yo,3,4,-0.38789368,10.964129
262,6-9yo,1,1,3.889298,0.45701143
262,6-9yo,2,1,-13.911984,-5.553399
262,6-9yo,3,1,-15.695999,-12.141779
262,6-9yo,1,2,30.490278,-2.0481765
262,6-9yo,2,2,-16.132023,3.8998568
262,6-9yo,3,2,16.92253,-11.343307
262,6-9yo,1,3,-19.449392,-18.682095
262,6-9yo,2,3,13.105925,11.052273
262,6-9yo,3,3,8.738106,12.586413
262,6-9yo,1,4,-14.93018,20.273258
262,6-9yo,2,4,16.93809,-9.398725
262,6-9yo,3,4,-9.964634,10.898674
297,6-9yo,1,1,23.096947,-4.8291078
297,6-9yo,2,1,-2.1562474,-2.644359
297,6-9yo,3,1,-5.6081815,9.063375
297,6-9yo,1,2,1.5686352,11.901409
297,6-9yo,2,2,-4.145639,9.447692
297,6-9yo,3,2,8.441496,0.09910376
297,6-9yo,1,3,-17.958294,-4.0381007
297,6-9yo,2,3,-8.770914,-5.704232
297,6-9yo,3,3,5.261115,-1.8099297
297,6-9yo,1,4,-6.707286,-3.0342076
297,6-9yo,2,4,15.072799,-1.0990995
297,6-9yo,3,4,-8.094428,-7.352549
280,6-9yo,1,1,-2.0237203,-0.7237026
280,6-9yo,2,1,17.904581,-5.343942
280,6-9yo,3,1,-8.28933,-2.27349
280,6-9yo,1,2,-12.950305,-7.316635
280,6-9yo,2,2,-14.158961,-6.9486613
280,6-9yo,3,2,11.529238,-6.300746
280,6-9yo,1,3,-1.8157173,12.427121
280,6-9yo,2,3,0.1374164,11.199702
280,6-9yo,3,3,-9.5817795,0.036397725
280,6-9yo,1,4,16.789738,-4.3867893
280,6-9yo,2,4,-3.8830354,1.0929065
280,6-9yo,3,4,6.3418694,8.537838
329,6-9yo,1,1,14.538942,-2.6399896
329,6-9yo,2,1,1.614393,8.099786
329,6-9yo,3,1,4.39577,-5.4524655
329,6-9yo,1,2,0.3882722,8.058857
329,6-9yo,2,2,-8.863431,-5.1733646
329,6-9yo,3,2,-6.71503,-7.0017986
329,6-9yo,1,3,-8.858515,-0.84885156
329,6-9yo,2,3,10.969468,-4.752758
329,6-9yo,3,3,9.14056,3.8782926
329,6-9yo,1,4,-6.068704,-4.570016
329,6-9yo,2,4,-3.7204282,1.8263392
329,6-9yo,3,4,-6.821299,8.575973
253,6-9yo,1,1,-8.070954,-3.7478933
253,6-9yo,2,1,-3.6688323,-2.7657678
253,6-9yo,3,1,14.863635,-5.884716
253,6-9yo,1,2,-8.97828,-2.23747
253,6-9yo,2,2,17.287333,-1.6671345
253,6-9yo,3,2,-0.18207335,10.972156
253,6-9yo,1,3,2.3883312,11.251807
253,6-9yo,2,3,-3.9448922,10.745037
253,6-9yo,3,3,-0.8748343,1.4866364
253,6-9yo,1,4,14.660904,-5.2664385
253,6-9yo,2,4,-9.673608,-6.312139
253,6-9yo,3,4,-13.806729,-6.574078
268,6-9yo,1,1,21.58499,1.9341788
268,6-9yo,2,1,-12.005886,-8.022158
268,6-9yo,3,1,-7.322657,13.218081
268,6-9yo,1,2,-6.701233,17.848469
268,6-9yo,2,2,7.534416,-10.545242
268,6-9yo,3,2,-11.016776,-9.5854
268,6-9yo,1,3,-16.536047,-6.0777593
268,6-9yo,2,3,-8.497495,12.002946
268,6-9yo,3,3,11.615813,3.1920424
268,6-9yo,1,4,1.652299,-13.704895
268,6-9yo,2,4,12.968958,6.5644526
268,6-9yo,3,4,6.723623,-6.824725
221,6-9yo,1,1,-7.9045143,13.397933
221,6-9yo,2,1,15.729906,-4.8410697
221,6-9yo,3,1,-8.669527,-5.0451612
221,6-9yo,1,2,24.916927,-0.5318027
221,6-9yo,2,2,-5.7308593,-6.279874
221,6-9yo,3,2,-7.4696755,10.3538885
221,6-9yo,1,3,-6.1198134,-4.39798
221,6-9yo,2,3,-10.060167,-3.900772
221,6-9yo,3,3,2.4299927,-9.431459
221,6-9yo,1,4,-10.892594,-8.468152
221,6-9yo,2,4,0.061116815,15.021722
221,6-9yo,3,4,13.709209,4.122731
343,6-9yo,1,1,-13.652449,-5.8686547
343,6-9yo,2,1,-4.8412185,-2.7117188
343,6-9yo,3,1,-5.199575,11.875805
343,6-9yo,1,2,-3.1291258,15.367941
343,6-9yo,2,2,-11.923966,8.039485
343,6-9yo,3,2,-3.5209982,-10.436176
343,6-9yo,1,3,24.963734,-3.3113587
343,6-9yo,2,3,21.462063,2.2061517
343,6-9yo,3,3,-8.097765,-1.9752555
343,6-9yo,1,4,-8.182156,-6.1879225
343,6-9yo,2,4,-4.6968875,-7.533911
343,6-9yo,3,4,16.818335,0.53562415
273,6-9yo,1,1,18.673986,-10.564146
273,6-9yo,2,1,-7.1951647,5.5702004
273,6-9yo,3,1,-21.622313,-8.267398
273,6-9yo,1,2,-13.958752,-4.164279
273,6-9yo,2,2,-16.646095,-7.6482134
273,6-9yo,3,2,9.9861,-9.294864
273,6-9yo,1,3,11.2712,13.742997
273,6-9yo,2,3,17.071972,-9.832495
273,6-9yo,3,3,-11.04578,14.358729
273,6-9yo,1,4,-15.986441,0.98543
273,6-9yo,2,4,6.76929,11.910509
273,6-9yo,3,4,22.681988,3.2035294
324,6-9yo,1,1,-14.573725,-7.8944173
324,6-9yo,2,1,-4.918981,12.362233
324,6-9yo,3,1,-10.825362,1.764038
324,6-9yo,1,2,15.483908,-8.164813
324,6-9yo,2,2,15.481925,-2.4139035
324,6-9yo,3,2,-10.393824,-6.9635906
324,6-9yo,1,3,-11.189995,7.15953
324,6-9yo,2,3,4.1850057,-2.5635736
324,6-9yo,3,3,6.555466,15.974672
324,6-9yo,1,4,10.279813,8.899702
324,6-9yo,2,4,-14.747948,-7.384755
324,6-9yo,3,4,14.66372,-10.775123
289,6-9yo,1,1,-14.828973,17.740702
289,6-9yo,2,1,-4.5450716,18.387474
289,6-9yo,3,1,24.996992,-7.68459
289,6-9yo,1,2,-12.407611,-11.771265
289,6-9yo,2,2,-9.163501,-9.677739
289,6-9yo,3,2,-2.5217443,16.998463
289,6-9yo,1,3,2.9194536,-12.25286
289,6-9yo,2,3,-11.374784,-5.8521843
289,6-9yo,3,3,-18.001583,-14.288252
289,6-9yo,1,4,24.317135,6.283422
289,6-9yo,2,4,25.083351,-2.8575506
289,6-9yo,3,4,-4.47367,4.9743795
230,6-9yo,1,1,-13.499911,4.1020947
230,6-9yo,2,1,-9.7114315,13.238215
230,6-9yo,3,1,22.3517,-7.893865
230,6-9yo,1,2,-6.1218452,-11.278565
230,6-9yo,2,2,17.49817,4.0983152
230,6-9yo,3,2,4.0839953,16.631868
230,6-9yo,1,3,14.308859,-5.757663
230,6-9yo,2,3,-6.7785835,-6.8228974
230,6-9yo,3,3,-15.285798,-2.6811974
230,6-9yo,1,4,5.312905,12.934141
230,6-9yo,2,4,-1.0081578,-10.513634
230,6-9yo,3,4,-11.149879,-6.0568047
285,6-9yo,1,1,20.106264,-5.7619524
285,6-9yo,2,1,3.0844536,-6.914342
285,6-9yo,3,1,-8.768962,-8.152458
285,6-9yo,1,2,-5.827443,3.5990446
285,6-9yo,2,2,-15.09567,8.889646
285,6-9yo,3,2,-7.7253375,12.039873
285,6-9yo,1,3,3.2722926,8.39373
285,6-9yo,2,3,-6.570041,-7.6427813
285,6-9yo,3,3,17.522373,0.9448287
285,6-9yo,1,4,-17.551119,-6.2308197
285,6-9yo,2,4,18.581245,5.667476
285,6-9yo,3,4,-1.0280682,-4.8322453
294,6-9yo,1,1,10.637122,-6.0281053
294,6-9yo,2,1,-5.246142,-5.4255443
294,6-9yo,3,1,10.028296,-8.297925
294,6-9yo,1,2,-5.8036714,-2.0654364
294,6-9yo,2,2,-6.519062,10.7760935
294,6-9yo,3,2,-9.99645,-5.5203424
294,6-9yo,1,3,3.118784,10.522639
294,6-9yo,2,3,-6.6681976,-5.593897
294,6-9yo,3,3,4.7432013,9.87714
294,6-9yo,1,4,-7.9522333,-2.4290986
294,6-9yo,2,4,18.433403,0.24334496
294,6-9yo,3,4,-4.775047,3.9411263
345,6-9yo,1,1,-7.342879,14.307421
345,6-9yo,2,1,19.828146,1.651916
345,6-9yo,3,1,-6.890385,3.6580763
345,6-9yo,1,2,-5.754918,-11.742594
345,6-9yo,2,2,-15.637813,-5.4678097
345,6-9yo,3,2,14.272077,-6.7865105
345,6-9yo,1,3,-8.141709,-3.1297417
345,6-9yo,2,3,-5.9679995,16.143541
345,6-9yo,3,3,-11.646031,-6.8334327
345,6-9yo,1,4,21.239502,0.5649157
345,6-9yo,2,4,1.7776619,-12.3276415
345,6-9yo,3,4,4.264334,9.961873
239,10-12yo,1,1,-7.2620792,-8.798107
239,10-12yo,2,1,-12.293484,-9.766858
239,10-12yo,3,1,-5.295226,15.856099
239,10-12yo,1,2,18.783115,0.10250771
239,10-12yo,2,2,-3.1573358,-1.6294527
239,10-12yo,3,2,15.334062,-0.5851608
239,10-12yo,1,3,-4.507001,-1.9252516
239,10-12yo,2,3,-3.921758,14.852945
239,10-12yo,3,3,-12.262422,-8.759541
239,10-12yo,1,4,-7.0140395,10.620849
239,10-12yo,2,4,19.37258,-3.4566305
239,10-12yo,3,4,2.2235854,-6.5114045
247,10-12yo,1,1,-18.86903,-8.424652
247,10-12yo,2,1,5.9286113,-4.098808
247,10-12yo,3,1,-13.565988,-11.111752
247,10-12yo,1,2,-21.73873,6.6219034
247,10-12yo,2,2,-10.881731,10.852852
247,10-12yo,3,2,-8.9696665,6.534612
247,10-12yo,1,3,22.702366,-9.858749
247,10-12yo,2,3,16.166794,2.4345946
247,10-12yo,3,3,18.496826,-7.650765
247,10-12yo,1,4,17.905392,11.661503
247,10-12yo,2,4,-11.213671,-9.188642
247,10-12yo,3,4,4.0388246,12.227898
220,10-12yo,1,1,-0.5137671,12.844413
220,10-12yo,2,1,-7.192642,-10.178195
220,10-12yo,3,1,0.21307567,14.625231
220,10-12yo,1,2,16.901108,-3.6638913
220,10-12yo,2,2,-6.524142,-2.7970734
220,10-12yo,3,2,19.258196,-2.3485863
220,10-12yo,1,3,-11.758252,-3.6505625
220,10-12yo,2,3,18.16246,-1.4938335
220,10-12yo,3,3,-2.939694,-11.83347
220,10-12yo,1,4,-4.629084,-5.529957
220,10-12yo,2,4,-4.445676,14.469104
220,10-12yo,3,4,-16.531586,-0.4431799
243,10-12yo,1,1,-3.1707644,15.520931
243,10-12yo,2,1,15.0066395,-10.926029
243,10-12yo,3,1,-7.5444565,16.586805
243,10-12yo,1,2,-16.361591,-5.1439495
243,10-12yo,2,2,-8.780631,0.1074558
243,10-12yo,3,2,23.610044,1.3222159
243,10-12yo,1,3,2.545596,-9.786011
243,10-12yo,2,3,-14.147768,-3.5888617
243,10-12yo,3,3,-0.6230784,-12.324331
243,10-12yo,1,4,16.986765,-0.5909761
243,10-12yo,2,4,7.9217577,14.407442
243,10-12yo,3,4,-15.442507,-5.5846953
281,10-12yo,1,1,9.5925665,-10.712233
281,10-12yo,2,1,-4.8591247,4.971467
281,10-12yo,3,1,-2.5677538,-11.782925
281,10-12yo,1,2,-13.737127,-10.021093
281,10-12yo,2,2,-1.4510171,13.518871
281,10-12yo,3,2,-15.811647,-2.6196022
281,10-12yo,1,3,16.783476,7.7200837
281,10-12yo,2,3,18.985214,-6.019944
281,10-12yo,3,3,-3.497521,15.242062
281,10-12yo,1,4,-12.638908,13.013244
281,10-12yo,2,4,-12.675067,-12.470391
281,10-12yo,3,4,21.876923,-0.8395359
251,10-12yo,1,1,-12.478231,-9.870975
251,10-12yo,2,1,2.1763344,-4.5649633
251,10-12yo,3,1,-9.878338,-11.568721
251,10-12yo,1,2,-7.125671,1.8598205
251,10-12yo,2,2,-10.337535,-13.669328
251,10-12yo,3,2,-1.5215298,18.398584
251,10-12yo,1,3,0.31262267,13.934877
251,10-12yo,2,3,-11.425481,15.752583
251,10-12yo,3,3,23.520308,-4.743632
251,10-12yo,1,4,19.29128,-5.9237227
251,10-12yo,2,4,19.586687,2.4817138
251,10-12yo,3,4,-12.120444,-2.0862255
322,10-12yo,1,1,1.2390652,12.30911
322,10-12yo,2,1,1.9454767,-3.1070204
322,10-12yo,3,1,16.26347,-11.398029
322,10-12yo,1,2,-2.349238,3.7481468
322,10-12yo,2,2,21.718779,-0.10394375
322,10-12yo,3,2,-7.7586226,-0.741033
322,10-12yo,1,3,15.361413,-7.945331
322,10-12yo,2,3,-13.35655,-13.578829
322,10-12yo,3,3,-15.120942,-4.5686445
322,10-12yo,1,4,-14.2512455,-8.111923
322,10-12yo,2,4,-10.307702,16.789797
322,10-12yo,3,4,6.6161003,16.707714
327,10-12yo,1,1,8.811973,13.161147
327,10-12yo,2,1,-12.948061,-6.727461
327,10-12yo,3,1,11.330996,-1.2352563
327,10-12yo,1,2,-11.085456,-1.6665783
327,10-12yo,2,2,-2.5366852,11.524552
327,10-12yo,3,2,-10.394583,12.316375
327,10-12yo,1,3,-13.405437,-1.5737661
327,10-12yo,2,3,23.291107,-3.065241
327,10-12yo,3,3,-10.68534,-12.236762
327,10-12yo,1,4,15.678919,-9.920802
327,10-12yo,2,4,-7.806364,-1.7318473
327,10-12yo,3,4,9.748927,1.1556453
314,10-12yo,1,1,20.416698,5.7756667
314,10-12yo,2,1,3.4021542,6.322969
314,10-12yo,3,1,19.195278,-10.593172
314,10-12yo,1,2,3.8770041,-9.3190975
314,10-12yo,2,2,13.546323,-6.805435
314,10-12yo,3,2,12.7927475,12.718775
314,10-12yo,1,3,-10.00547,-7.2758236
314,10-12yo,2,3,-12.02122,-10.298076
314,10-12yo,3,3,-14.736705,1.5753952
314,10-12yo,1,4,-14.288232,10.819247
314,10-12yo,2,4,-4.927258,10.780545
314,10-12yo,3,4,-17.251316,-3.7009923
336,10-12yo,1,1,-12.358339,-7.005381
336,10-12yo,2,1,-4.392279,-1.6622782
336,10-12yo,3,1,-3.3736594,11.428441
336,10-12yo,1,2,15.26974,-2.8778987
336,10-12yo,2,2,19.340437,0.76479536
336,10-12yo,3,2,-12.283102,-0.8886283
336,10-12yo,1,3,1.2884715,-0.20434967
336,10-12yo,2,3,-8.328814,9.448505
336,10-12yo,3,3,-2.2743943,-10.721396
336,10-12yo,1,4,-4.1998763,10.087626
336,10-12yo,2,4,-6.6193433,-8.551024
336,10-12yo,3,4,17.931158,0.18157548
250,10-12yo,1,1,9.112218,3.8998475
250,10-12yo,2,1,-6.473994,-4.011192
250,10-12yo,3,1,-5.534273,5.2923403
250,10-12yo,1,2,5.54734,-5.7266793
250,10-12yo,2,2,-8.526257,-2.3932078
250,10-12yo,3,2,-10.150693,-8.733897
250,10-12yo,1,3,-7.964836,-6.6621475
250,10-12yo,2,3,0.8452402,10.295282
250,10-12yo,3,3,13.420867,-6.019475
250,10-12yo,1,4,-6.6947203,8.4889765
250,10-12yo,2,4,14.155007,-3.890885
250,10-12yo,3,4,2.264102,9.461027
310,10-12yo,1,1,3.739179,-1.0636666
310,10-12yo,2,1,16.006186,-4.675725
310,10-12yo,3,1,-7.5606575,-10.700748
310,10-12yo,1,2,-6.236708,17.589811
310,10-12yo,2,2,-10.380392,-10.567428
310,10-12yo,3,2,-10.595991,13.127275
310,10-12yo,1,3,24.932299,-5.4274073
310,10-12yo,2,3,-1.8189747,11.658082
310,10-12yo,3,3,18.618355,2.9911504
310,10-12yo,1,4,-22.434767,-11.098727
310,10-12yo,2,4,-3.8068206,3.5850632
310,10-12yo,3,4,-0.46170804,-5.4176736
308,10-12yo,1,1,18.538774,-0.7713561
308,10-12yo,2,1,-9.040302,-5.9836836
308,10-12yo,3,1,22.247814,-4.389162
308,10-12yo,1,2,-6.074719,10.5059395
308,10-12yo,2,2,-0.98886085,3.252142
308,10-12yo,3,2,-11.243529,-8.19332
308,10-12yo,1,3,-8.623829,-8.516095
308,10-12yo,2,3,9.592488,-5.6872225
308,10-12yo,3,3,-9.87747,-2.2518892
308,10-12yo,1,4,-3.8402326,-1.2184889
308,10-12yo,2,4,0.43666938,8.41876
308,10-12yo,3,4,-1.1268115,14.834372
331,10-12yo,1,1,16.093218,-3.1125972
331,10-12yo,2,1,6.7882986,-11.88805
331,10-12yo,3,1,-10.799814,10.077056
331,10-12yo,1,2,-4.3476763,-7.8775
331,10-12yo,2,2,-14.49168,-6.3437343
331,10-12yo,3,2,-3.7501593,-8.233563
331,10-12yo,1,3,-11.643771,-1.4695419
331,10-12yo,2,3,-8.474924,12.419919
331,10-12yo,3,3,0.03465074,-7.2311625
331,10-12yo,1,4,-0.1017778,12.45964
331,10-12yo,2,4,16.178312,5.811865
331,10-12yo,3,4,14.515323,5.3876657
339,10-12yo,1,1,-5.1956725,-6.7704597
339,10-12yo,2,1,19.338408,-2.08144
339,10-12yo,3,1,-2.585482,1.927159
339,10-12yo,1,2,-2.3244672,13.431513
339,10-12yo,2,2,-0.056137934,-6.8012
339,10-12yo,3,2,-11.131214,-7.0525827
339,10-12yo,1,3,16.040611,-2.4718492
339,10-12yo,2,3,-18.233082,-2.862535
339,10-12yo,3,3,0.7050867,11.393242
339,10-12yo,1,4,-8.520473,-4.1892047
339,10-12yo,2,4,-1.0491883,11.745175
339,10-12yo,3,4,13.011607,-6.2678204
320,10-12yo,1,1,-2.032702,-6.4110875
320,10-12yo,2,1,-13.514644,-2.8356776
320,10-12yo,3,1,-5.07622,-7.8798194
320,10-12yo,1,2,-2.619167,-7.7203617
320,10-12yo,2,2,2.5062659,-10.062764
320,10-12yo,3,2,1.9915515,11.070714
320,10-12yo,1,3,-8.954888,9.996434
320,10-12yo,2,3,-4.100476,10.827234
320,10-12yo,3,3,18.955479,-3.2357645
320,10-12yo,1,4,13.606752,4.135019
320,10-12yo,2,4,15.1088505,2.0712097
320,10-12yo,3,4,-15.870802,0.044868242
246,10-12yo,1,1,-13.570988,-11.891158
246,10-12yo,2,1,0.3042655,1.8948324
246,10-12yo,3,1,19.272362,-5.5428076
246,10-12yo,1,2,0.79632276,-5.8261924
246,10-12yo,2,2,-8.197119,-9.59805
246,10-12yo,3,2,1.7825636,16.04953
246,10-12yo,1,3,-7.477504,18.591993
246,10-12yo,2,3,13.142666,-2.1102314
246,10-12yo,3,3,-8.483671,-13.178705
246,10-12yo,1,4,20.25217,-0.8746472
246,10-12yo,2,4,-5.249815,9.813449
246,10-12yo,3,4,-12.571255,2.6719806
208,10-12yo,1,1,-11.149956,-4.739716
208,10-12yo,2,1,-12.503636,-9.956318
208,10-12yo,3,1,14.790994,-8.20703
208,10-12yo,1,2,0.13023107,-0.8833794
208,10-12yo,2,2,-0.39697507,-11.319734
208,10-12yo,3,2,5.2436624,14.168525
208,10-12yo,1,3,-0.23069194,10.103095
208,10-12yo,2,3,23.037321,2.6130402
208,10-12yo,3,3,-7.6536913,-5.651015
208,10-12yo,1,4,11.250416,-4.4800024
208,10-12yo,2,4,-10.136701,18.663002
208,10-12yo,3,4,-12.380961,-0.3104778
249,10-12yo,1,1,-14.339195,-7.0905747
249,10-12yo,2,1,6.736072,12.867384
249,10-12yo,3,1,-6.572304,14.0851965
249,10-12yo,1,2,-4.119483,14.344892
249,10-12yo,2,2,-9.957143,-10.137902
249,10-12yo,3,2,-8.660062,-2.313514
249,10-12yo,1,3,16.586267,-1.9706953
249,10-12yo,2,3,22.789198,-5.6904273
249,10-12yo,3,3,19.862703,0.7361333
249,10-12yo,1,4,1.872409,-5.283622
249,10-12yo,2,4,-19.568132,2.9609373
249,10-12yo,3,4,-4.630335,-12.507819
313,10-12yo,1,1,11.426056,-6.0580654
313,10-12yo,2,1,-7.514566,-5.911574
313,10-12yo,3,1,-11.625806,-3.8959992
313,10-12yo,1,2,-10.1156,-1.2544792
313,10-12yo,2,2,-1.714721,15.52075
313,10-12yo,3,2,-2.4728258,12.110346
313,10-12yo,1,3,4.1531267,10.032818
313,10-12yo,2,3,-9.797491,-5.7251225
313,10-12yo,3,3,1.5637742,-7.9862933
313,10-12yo,1,4,-5.4635835,-2.7202723
313,10-12yo,2,4,19.026781,-3.8840532
313,10-12yo,3,4,12.53486,-0.228053
315,10-12yo,1,1,13.189147,3.5409772
315,10-12yo,2,1,21.14008,-12.280013
315,10-12yo,3,1,14.384712,-9.131768
315,10-12yo,1,2,-10.666653,-9.708715
315,10-12yo,2,2,-10.1872015,-1.2171297
315,10-12yo,3,2,-11.546706,-10.220551
315,10-12yo,1,3,-8.562878,12.840797
315,10-12yo,2,3,-19.336245,-4.8359222
315,10-12yo,3,3,9.533875,11.538919
315,10-12yo,1,4,6.040383,-6.6730576
315,10-12yo,2,4,8.383362,18.333069
315,10-12yo,3,4,-12.371879,7.813398
333,10-12yo,1,1,15.465816,0.9087827
333,10-12yo,2,1,-0.56949323,8.59462
333,10-12yo,3,1,10.487486,2.9157178
333,10-12yo,1,2,5.4057517,-1.2249534
333,10-12yo,2,2,-10.417371,-4.736382
333,10-12yo,3,2,6.1419907,-6.363899
333,10-12yo,1,3,-10.102034,-6.0348606
333,10-12yo,2,3,-1.0895613,-0.16311967
333,10-12yo,3,3,-6.367578,11.271108
333,10-12yo,1,4,-10.769531,6.3510323
333,10-12yo,2,4,12.076426,-3.6951165
333,10-12yo,3,4,-10.261898,-7.822929
241,10-12yo,1,1,-24.458956,-6.4510136
241,10-12yo,2,1,12.429442,-14.206303
241,10-12yo,3,1,9.927482,8.639298
241,10-12yo,1,2,-11.926633,15.326853
241,10-12yo,2,2,-16.539755,-14.968599
241,10-12yo,3,2,-20.360826,-17.075071
241,10-12yo,1,3,7.193265,-12.915059
241,10-12yo,2,3,20.092678,10.95726
241,10-12yo,3,3,-10.744217,19.174309
241,10-12yo,1,4,29.192307,4.03922
241,10-12yo,2,4,-15.982365,18.217648
241,10-12yo,3,4,21.17757,-10.738538
277,10-12yo,1,1,16.09957,-1.5944544
277,10-12yo,2,1,3.3350968,10.841383
277,10-12yo,3,1,-3.2876084,10.680987
277,10-12yo,1,2,-0.8808605,-5.890405
277,10-12yo,2,2,10.927108,-7.1199913
277,10-12yo,3,2,11.236772,-3.1315036
277,10-12yo,1,3,-11.84467,-5.3993134
277,10-12yo,2,3,-4.089341,0.6224418
277,10-12yo,3,3,0.54782605,0.6805012
277,10-12yo,1,4,-3.3740356,12.884178
277,10-12yo,2,4,-10.17287,-4.3438325
277,10-12yo,3,4,-8.496988,-8.229984
316,10-12yo,1,1,12.667459,-5.870839
316,10-12yo,2,1,-9.218711,3.7938557
316,10-12yo,3,1,-0.64699394,15.774089
316,10-12yo,1,2,4.1649175,12.827942
316,10-12yo,2,2,4.1622963,10.043405
316,10-12yo,3,2,-5.1070156,-0.49763456
316,10-12yo,1,3,-11.354347,2.921874
316,10-12yo,2,3,14.503772,-5.7431436
316,10-12yo,3,3,21.681507,-6.265823
316,10-12yo,1,4,-5.478027,-9.878977
316,10-12yo,2,4,-9.44736,-8.09412
316,10-12yo,3,4,-15.927499,-9.010631
248,10-12yo,1,1,17.387526,4.654884
248,10-12yo,2,1,5.529048,-5.596897
248,10-12yo,3,1,-6.5747137,13.638876
248,10-12yo,1,2,-10.618845,12.678419
248,10-12yo,2,2,-12.585583,-8.312784
248,10-12yo,3,2,-0.9438496,-0.12562688
248,10-12yo,1,3,0.9553348,-9.2391
248,10-12yo,2,3,-9.483148,11.671959
248,10-12yo,3,3,-11.1928005,-11.450057
248,10-12yo,1,4,-7.72401,-8.094197
248,10-12yo,2,4,16.53968,2.2377193
248,10-12yo,3,4,18.711359,-2.063191
213,10-12yo,1,1,-3.2555983,-9.664777
213,10-12yo,2,1,-10.278172,10.358165
213,10-12yo,3,1,-9.963813,-5.2586226
213,10-12yo,1,2,-10.464054,11.765859
213,10-12yo,2,2,-3.4734232,-8.373238
213,10-12yo,3,2,17.088398,-9.389734
213,10-12yo,1,3,20.766401,2.7630112
213,10-12yo,2,3,-0.46692693,-7.1909294
213,10-12yo,3,3,-15.895622,0.8279095
213,10-12yo,1,4,-7.0467515,-4.864091
213,10-12yo,2,4,14.218519,5.2059946
213,10-12yo,3,4,8.771042,13.820448
278,10-12yo,1,1,-2.804148,-1.9813743
278,10-12yo,2,1,-3.9948852,-6.1175427
278,10-12yo,3,1,-10.057292,-4.693503
278,10-12yo,1,2,-3.9644585,8.444883
278,10-12yo,2,2,9.48384,-3.9287753
278,10-12yo,3,2,11.424937,-7.719238
278,10-12yo,1,3,11.764009,-0.2604211
278,10-12yo,2,3,-7.3494267,0.63734066
278,10-12yo,3,3,-5.7470303,1.3205409
278,10-12yo,1,4,-4.9954042,-6.203086
278,10-12yo,2,4,1.8604692,9.408977
278,10-12yo,3,4,4.379386,11.092203
334,10-12yo,1,1,-19.062983,-7.635741
334,10-12yo,2,1,6.616863,10.736203
334,10-12yo,3,1,20.150354,-6.727717
334,10-12yo,1,2,2.7955122,11.14125
334,10-12yo,2,2,13.1258,-7.1214275
334,10-12yo,3,2,-0.6803698,15.364481
334,10-12yo,1,3,19.096586,-8.511608
334,10-12yo,2,3,-8.855915,-8.3309
334,10-12yo,3,3,-14.073931,-11.456151
334,10-12yo,1,4,-2.8291175,5.006097
334,10-12yo,2,4,-10.886744,4.7161274
334,10-12yo,3,4,-5.3960624,2.8193944
321,10-12yo,1,1,18.070755,-1.7980877
321,10-12yo,2,1,21.314877,3.5702486
321,10-12yo,3,1,22.840464,-4.4979515
321,10-12yo,1,2,0.2823695,-0.73442215
321,10-12yo,2,2,-2.6782966,-4.1920395
321,10-12yo,3,2,-13.5839615,-7.0742416
321,10-12yo,1,3,-11.581401,-10.3644495
321,10-12yo,2,3,-3.521849,-6.7221155
321,10-12yo,3,3,-16.513958,3.2537267
321,10-12yo,1,4,-6.7717266,12.896959
321,10-12yo,2,4,-15.114729,7.34391
321,10-12yo,3,4,7.2574644,8.318465
201,Adults,1,1,-6.6762156,-5.76285
201,Adults,2,1,4.7227387,-6.1188016
201,Adults,3,1,13.959372,-1.6162887
201,Adults,1,2,-5.034171,-0.86675245
201,Adults,2,2,13.869885,4.002848
201,Adults,3,2,-10.735745,-7.916323
201,Adults,1,3,-0.2412034,10.011786
201,Adults,2,3,-9.822554,7.6623616
201,Adults,3,3,1.9402343,-1.8581108
201,Adults,1,4,11.951592,-3.3821864
201,Adults,2,4,-8.770079,-5.546409
201,Adults,3,4,-5.1638584,11.390724
266,Adults,1,1,-9.092099,-10.033615
266,Adults,2,1,20.716133,-2.260423
266,Adults,3,1,-16.257793,-7.4077606
266,Adults,1,2,16.81663,8.411393
266,Adults,2,2,-1.2612472,12.303205
266,Adults,3,2,17.17814,-8.211537
266,Adults,1,3,7.6195154,-9.048524
266,Adults,2,3,-2.6120167,-7.5051484
266,Adults,3,3,-5.9247837,5.264853
266,Adults,1,4,-15.344047,10.670751
266,Adults,2,4,-16.842869,-2.5376334
266,Adults,3,4,5.0044384,10.354446
238,Adults,1,1,-23.27123,-3.9043202
238,Adults,2,1,11.206081,17.563635
238,Adults,3,1,-12.717857,-9.778217
238,Adults,1,2,-0.34139714,14.910427
238,Adults,2,2,-19.096882,-2.8820124
238,Adults,3,2,30.699053,-0.5863717
238,Adults,1,3,-2.3484573,-7.0634375
238,Adults,2,3,23.264982,-12.359867
238,Adults,3,3,-8.502143,-8.302272
238,Adults,1,4,25.961084,-3.9426756
238,Adults,2,4,-15.374192,-2.321753
238,Adults,3,4,-9.479044,18.666857
258,Adults,1,1,-12.51431,-7.0271535
258,Adults,2,1,-2.202682,6.351761
258,Adults,3,1,32.053364,-4.469404
258,Adults,1,2,-18.426805,2.5692883
258,Adults,2,2,-23.259453,-5.051623
258,Adults,3,2,-30.35952,1.6434654
258,Adults,1,3,23.822706,-4.3299656
258,Adults,2,3,25.466587,-4.0639405
258,Adults,3,3,-12.710649,-6.828443
258,Adults,1,4,7.118406,8.787827
258,Adults,2,4,-0.0044660196,2.7637978
258,Adults,3,4,11.016792,9.654385
231,Adults,1,1,3.0118396,-6.527163
231,Adults,2,1,-14.992551,-6.9048624
231,Adults,3,1,-8.529902,13.656982
231,Adults,1,2,14.78064,4.2691407
231,Adults,2,2,17.145,-4.6947284
231,Adults,3,2,-10.412566,-13.066292
231,Adults,1,3,-7.6994987,-8.628336
231,Adults,2,3,-1.666521,14.733162
231,Adults,3,3,21.054054,-0.8982345
231,Adults,1,4,-10.092975,10.88636
231,Adults,2,4,-0.48593825,-3.1335726
231,Adults,3,4,-2.1115816,0.30754524
304,Adults,1,1,7.975985,3.344103
304,Adults,2,1,-7.025567,-8.591565
304,Adults,3,1,21.13164,-8.872848
304,Adults,1,2,-8.437206,12.1737795
304,Adults,2,2,-6.2128844,10.074088
304,Adults,3,2,5.8709574,16.155458
304,Adults,1,3,-11.938036,-11.030413
304,Adults,2,3,9.848706,1.1230832
304,Adults,3,3,-8.869329,-4.2538967
304,Adults,1,4,12.399253,-4.4874682
304,Adults,2,4,3.3897467,-2.605607
304,Adults,3,4,-18.133265,-3.02872
259,Adults,1,1,0.30902424,-6.919089
259,Adults,2,1,-7.805092,-4.8494387
259,Adults,3,1,-11.865662,5.5933642
259,Adults,1,2,-14.772029,9.682181
259,Adults,2,2,-8.254405,-0.21567135
259,Adults,3,2,-9.517306,-7.5026884
259,Adults,1,3,17.873096,6.377866
259,Adults,2,3,12.044023,-7.469503
259,Adults,3,3,12.043928,-8.454192
259,Adults,1,4,-3.4100864,-9.140957
259,Adults,2,4,4.0154705,12.534607
259,Adults,3,4,9.33904,10.363519
261,Adults,1,1,22.53976,2.949417
261,Adults,2,1,30.552061,-3.4673567
261,Adults,3,1,-13.331062,16.005594
261,Adults,1,2,-3.9961045,-9.064217
261,Adults,2,2,-0.84518445,14.524969
261,Adults,3,2,-5.372661,-6.7666426
261,Adults,1,3,-6.576886,-5.4780965
261,Adults,2,3,-5.1142035,-7.8920617
261,Adults,3,3,25.707657,3.4332705
261,Adults,1,4,-11.966771,11.5928955
261,Adults,2,4,-24.592653,-3.1655614
261,Adults,3,4,-7.003927,-12.672224
284,Adults,1,1,15.688766,-2.969698
284,Adults,2,1,8.220416,13.187802
284,Adults,3,1,3.6343522,13.546809
284,Adults,1,2,-7.396371,-7.4439683
284,Adults,2,2,-15.119846,1.451138
284,Adults,3,2,-11.598949,-9.663284
284,Adults,1,3,-6.590085,-1.8944892
284,Adults,2,3,15.75679,-8.780746
284,Adults,3,3,-7.78731,4.2543845
284,Adults,1,4,-1.7023103,12.308156
284,Adults,2,4,-8.857365,-5.858191
284,Adults,3,4,15.751906,-8.137908
305,Adults,1,1,7.3949356,-7.343843
305,Adults,2,1,-2.4765515,10.981684
305,Adults,3,1,14.1514845,5.864311
305,Adults,1,2,-10.146335,-7.5495577
305,Adults,2,2,-10.7271805,-7.273731
305,Adults,3,2,3.2272186,-10.556929
305,Adults,1,3,-7.488313,9.859941
305,Adults,2,3,18.264175,-2.9837072
305,Adults,3,3,-8.209771,-6.1437745
305,Adults,1,4,10.239712,5.033463
305,Adults,2,4,-5.0604424,-0.72424537
305,Adults,3,4,-9.16893,10.836398
312,Adults,1,1,12.3551235,0.29158825
312,Adults,2,1,0.6695871,-4.417547
312,Adults,3,1,15.596548,-2.0329232
312,Adults,1,2,0.65573704,-7.621014
312,Adults,2,2,-12.166145,-11.8031225
312,Adults,3,2,-1.8514223,-9.0784645
312,Adults,1,3,-10.427941,-2.5909507
312,Adults,2,3,-8.859377,16.115776
312,Adults,3,3,-12.777461,-2.1719763
312,Adults,1,4,-2.5829165,9.920377
312,Adults,2,4,20.355936,0.10489391
312,Adults,3,4,-0.9676638,13.283368
224,Adults,1,1,-6.955252,10.196266
224,Adults,2,1,-11.806173,-8.121911
224,Adults,3,1,21.2186,5.3422613
224,Adults,1,2,-3.6442878,-1.9363734
224,Adults,2,2,12.095369,-6.6485925
224,Adults,3,2,-19.853874,-8.652973
224,Adults,1,3,-5.8587933,-8.952986
224,Adults,2,3,7.1681848,6.473445
224,Adults,3,3,-14.801669,11.673244
224,Adults,1,4,16.458328,0.69309354
224,Adults,2,4,-7.4573817,8.297058
224,Adults,3,4,13.436943,-8.362531
291,Adults,1,1,9.422623,12.922121
291,Adults,2,1,-4.473417,12.389147
291,Adults,3,1,-11.311596,-4.3445477
291,Adults,1,2,-11.120711,2.4602957
291,Adults,2,2,3.911762,-2.546914
291,Adults,3,2,24.490559,3.561431
291,Adults,1,3,16.864323,-10.230643
291,Adults,2,3,-15.070962,-7.140682
291,Adults,3,3,-11.112569,14.8954525
291,Adults,1,4,-15.16623,-5.1517744
291,Adults,2,4,15.632619,-2.701548
291,Adults,3,4,-2.0663867,-14.112332
223,Adults,1,1,27.153234,-0.9658773
223,Adults,2,1,-5.2226834,10.463166
223,Adults,3,1,29.58275,-2.4030628
223,Adults,1,2,-3.166091,17.560196
223,Adults,2,2,0.35304576,-8.998758
223,Adults,3,2,-12.849445,-6.3878045
223,Adults,1,3,0.4392401,-13.01055
223,Adults,2,3,12.3122225,2.3753097
223,Adults,3,3,-10.476929,-10.427187
223,Adults,1,4,-24.426394,-3.583771
223,Adults,2,4,-7.442583,-3.8397202
223,Adults,3,4,-6.2563806,19.218052
235,Adults,1,1,-0.75246936,11.672722
235,Adults,2,1,2.3290741,-0.41832224
235,Adults,3,1,-15.206118,-4.1780577
235,Adults,1,2,-11.000401,-5.689731
235,Adults,2,2,-16.218496,-6.490671
235,Adults,3,2,-3.093788,13.0817375
235,Adults,1,3,-2.2630093,-1.8460084
235,Adults,2,3,-2.9277756,11.166617
235,Adults,3,3,15.650728,0.04056457
235,Adults,1,4,14.015876,-4.1369863
235,Adults,2,4,16.817196,-4.2576213
235,Adults,3,4,2.6491697,-8.944238
202,Adults,1,1,18.917023,5.8378797
202,Adults,2,1,4.9582076,-4.500365
202,Adults,3,1,-19.022543,-9.17323
202,Adults,1,2,-0.7998935,-9.747594
202,Adults,2,2,14.336701,2.7268584
202,Adults,3,2,9.930651,9.693295
202,Adults,1,3,-5.4430757,-9.498068
202,Adults,2,3,-9.631068,10.938757
202,Adults,3,3,21.173983,-8.330582
202,Adults,1,4,-12.674055,13.40779
202,Adults,2,4,-9.663839,-9.165255
202,Adults,3,4,-12.082082,7.8105135
306,Adults,1,1,-5.8978024,11.415006
306,Adults,2,1,-0.651119,12.818792
306,Adults,3,1,-2.694118,13.589733
306,Adults,1,2,15.777303,0.4386286
306,Adults,2,2,11.874185,-4.078853
306,Adults,3,2,-12.715571,-10.282699
306,Adults,1,3,-4.715231,-1.8089155
306,Adults,2,3,-2.5031857,-3.1257234
306,Adults,3,3,-7.394719,0.6199874
306,Adults,1,4,-5.1642704,-10.044714
306,Adults,2,4,-8.719885,-5.614219
306,Adults,3,4,22.804407,-3.927023
293,Adults,1,1,-3.0314004,-8.826133
293,Adults,2,1,0.7754603,-10.173404
293,Adults,3,1,-11.874679,-10.714158
293,Adults,1,2,-8.961537,9.245069
293,Adults,2,2,25.294071,4.362691
293,Adults,3,2,-10.611442,10.973681
293,Adults,1,3,0.17517178,-5.243278
293,Adults,2,3,-11.576416,-6.255668
293,Adults,3,3,12.319931,-3.7805011
293,Adults,1,4,11.817773,4.8243394
293,Adults,2,4,-14.493112,12.066379
293,Adults,3,4,10.166189,3.5209758
260,Adults,1,1,14.739126,-7.6464157
260,Adults,2,1,-20.870811,-10.177286
260,Adults,3,1,-7.146455,20.11639
260,Adults,1,2,7.790818,8.515502
260,Adults,2,2,21.836132,-6.862418
260,Adults,3,2,20.289516,0.589076
260,Adults,1,3,-8.24057,5.611039
260,Adults,2,3,7.032077,4.9046087
260,Adults,3,3,6.973366,-10.509904
260,Adults,1,4,-14.289371,-6.4801283
260,Adults,2,4,-7.9973927,12.135099
260,Adults,3,4,-20.116407,-10.195572
292,Adults,1,1,-8.075861,2.1939435
292,Adults,2,1,-5.5931425,8.475007
292,Adults,3,1,20.655767,-4.147759
292,Adults,1,2,10.406264,-7.878602
292,Adults,2,2,0.42586976,1.2005976
292,Adults,3,2,0.37835857,12.435613
292,Adults,1,3,-9.26795,-3.7189322
292,Adults,2,3,14.991918,-1.940994
292,Adults,3,3,-3.8356707,-4.6074343
292,Adults,1,4,6.9375505,9.403594
292,Adults,2,4,-9.824647,-7.734613
292,Adults,3,4,-17.198452,-3.6804154
203,Adults,1,1,-10.192626,10.004956
203,Adults,2,1,-1.5342901,-10.792319
203,Adults,3,1,27.374071,-10.049132
203,Adults,1,2,-1.5928595,-9.622126
203,Adults,2,2,24.264362,4.1677165
203,Adults,3,2,-24.656425,-8.850179
203,Adults,1,3,-10.92465,-2.8346877
203,Adults,2,3,-13.840164,11.876848
203,Adults,3,3,-8.926981,3.995719
203,Adults,1,4,22.710136,2.451861
203,Adults,2,4,-8.889901,-5.252246
203,Adults,3,4,6.2093487,14.903594
271,Adults,1,1,14.456029,-1.1739835
271,Adults,2,1,-4.289393,12.098264
271,Adults,3,1,-14.993454,14.647681
271,Adults,1,2,-9.012445,0.8161378
271,Adults,2,2,-9.03776,-10.50483
271,Adults,3,2,18.129566,-4.0862665
271,Adults,1,3,-3.9991202,-9.724747
271,Adults,2,3,-7.706129,0.33163065
271,Adults,3,3,13.827495,3.7199712
271,Adults,1,4,-1.4444593,10.082593
271,Adults,2,4,21.03329,-1.9250606
271,Adults,3,4,-16.963602,-14.28139
252,Adults,1,1,-1.5674393,8.749979
252,Adults,2,1,-8.44568,-1.4451137
252,Adults,3,1,20.613571,0.56393754
252,Adults,1,2,0.80920005,5.496092
252,Adults,2,2,-2.9905026,-2.1478415
252,Adults,3,2,-6.893278,-2.488318
252,Adults,1,3,14.256276,-6.594518
252,Adults,2,3,8.603981,-4.9904985
252,Adults,3,3,-6.121125,-9.575968
252,Adults,1,4,-13.498031,-7.651554
252,Adults,2,4,2.8321989,8.583457
252,Adults,3,4,-7.5991707,11.50035
270,Adults,1,1,-10.810356,1.3876339
270,Adults,2,1,6.0511794,14.122594
270,Adults,3,1,15.07772,7.5231457
270,Adults,1,2,17.856344,-9.136443
270,Adults,2,2,-12.64488,-3.7447867
270,Adults,3,2,-11.618562,-12.770735
270,Adults,1,3,-10.896424,-10.056923
270,Adults,2,3,12.991191,-10.274175
270,Adults,3,3,-13.69759,13.182499
270,Adults,1,4,3.8504329,17.805727
270,Adults,2,4,-6.397491,-0.10363477
270,Adults,3,4,10.238425,-7.934913
228,Adults,1,1,-9.2370615,-9.6081505
228,Adults,2,1,-9.899961,-7.5695806
228,Adults,3,1,-1.0355521,9.892119
228,Adults,1,2,0.6635554,0.47261304
228,Adults,2,2,8.135936,-6.1530085
228,Adults,3,2,-17.86701,-0.44087204
228,Adults,1,3,14.5969715,-1.6506504
228,Adults,2,3,12.410545,5.2573743
228,Adults,3,3,-1.3370329,-8.975274
228,Adults,1,4,-6.0234637,10.786183
228,Adults,2,4,-10.646516,8.465212
228,Adults,3,4,20.239594,-0.4759721
232,Adults,1,1,-4.8297963,14.460439
232,Adults,2,1,0.86614805,14.743209
232,Adults,3,1,25.242933,3.7190402
232,Adults,1,2,-11.905091,-6.3634253
232,Adults,2,2,-2.793963,-7.2823505
232,Adults,3,2,-8.071684,-12.425545
232,Adults,1,3,23.782333,-2.0428133
232,Adults,2,3,27.279303,-4.2230067
232,Adults,3,3,-13.643017,16.16011
232,Adults,1,4,-7.047448,-6.0541983
232,Adults,2,4,-25.351486,-3.237849
232,Adults,3,4,-3.5282369,-7.4536047
302,Adults,1,1,7.876947,-5.1378303
302,Adults,2,1,-0.4632578,-7.8397303
302,Adults,3,1,17.821623,3.4404185
302,Adults,1,2,-13.606948,-7.070786
302,Adults,2,2,-6.3002987,11.165421
302,Adults,3,2,5.965309,-7.184483
302,Adults,1,3,16.985907,2.892082
302,Adults,2,3,15.84633,1.4644413
302,Adults,3,3,-10.694167,12.742454
302,Adults,1,4,-11.255904,9.316534
302,Adults,2,4,-9.082773,-4.790129
302,Adults,3,4,-13.092765,-8.998386
255,Adults,1,1,-8.771489,-7.0142922
255,Adults,2,1,-7.2471023,14.520388
255,Adults,3,1,3.0852492,-8.261556
255,Adults,1,2,-16.737625,12.210216
255,Adults,2,2,20.327908,1.3672214
255,Adults,3,2,-11.737777,16.431307
255,Adults,1,3,27.39579,4.543373
255,Adults,2,3,-12.032508,-5.533671
255,Adults,3,3,-13.767857,-11.095455
255,Adults,1,4,-1.8866742,-9.739291
255,Adults,2,4,-1.0482928,-10.35394
255,Adults,3,4,22.420382,2.9257042
