Subject,AgeGroup,Run,Item,PC1,PC2,PC3
222,6-9yo,1,1,-1.0005105,1.7078166,4.945654
222,6-9yo,2,1,-0.8713968,-0.879333,3.135175
222,6-9yo,3,1,-4.6954274,-5.0087028,-2.225085
222,6-9yo,4,1,-4.5497856,-5.434406,-0.7378969
222,6-9yo,5,1,3.276205,5.3279314,-1.0860034
222,6-9yo,6,1,6.1943617,-2.4777298,-1.1358681
222,6-9yo,1,2,6.3459773,-2.4463437,-0.4803048
222,6-9yo,2,2,0.26150948,5.0423403,-0.51856005
222,6-9yo,3,2,-4.583887,5.993714,0.4738114
222,6-9yo,4,2,-3.7918887,5.9132357,-0.7473229
222,6-9yo,5,2,-5.783603,0.26041776,3.6269784
222,6-9yo,6,2,-4.9041767,-3.3745496,-2.5227692
222,6-9yo,1,3,-4.8508844,-4.0397553,-1.3285791
222,6-9yo,2,3,-4.1624756,-1.9902447,-1.7185562
222,6-9yo,3,3,6.9480414,1.3543781,-2.6768787
222,6-9yo,4,3,2.5967705,-0.14223692,4.6768913
222,6-9yo,5,3,-6.154967,-2.1906142,-3.14131
222,6-9yo,6,3,-1.0620084,-0.16059461,5.398344
222,6-9yo,1,4,-0.4945825,4.778284,-3.1367714
222,6-9yo,2,4,4.7723637,-2.172764,-0.89805883
222,6-9yo,3,4,2.3312747,-2.3393896,4.4281526
222,6-9yo,4,4,5.7449036,-0.33659154,-3.191672
222,6-9yo,5,4,8.662367,-3.3977337,0.60033447
222,6-9yo,6,4,-0.22817528,6.012874,-1.7397066
211,6-9yo,1,1,8.1203165,1.5200703,2.4305005
211,6-9yo,2,1,7.3607903,0.454563,0.43979388
211,6-9yo,3,1,-0.6535061,7.391113,-1.6945242
211,6-9yo,4,1,9.547985,-2.269353,-1.0675128
211,6-9yo,5,1,3.037717,3.0660038,-1.6849748
211,6-9yo,6,1,0.67568946,-2.2849796,4.7294855
211,6-9yo,1,2,1.3860866,-5.0564694,-3.4122796
211,6-9yo,2,2,-1.5478641,-3.6189206,-3.2303076
211,6-9yo,3,2,-0.20104103,-0.39372456,5.9003215
211,6-9yo,4,2,-3.270474,-1.9264536,3.8194087
211,6-9yo,5,2,5.2972555,-2.6788404,0.6984745
211,6-9yo,6,2,-2.6223023,6.443375,0.065384015
211,6-9yo,1,3,-6.370346,-1.77956,3.68792
211,6-9yo,2,3,-2.9376106,-2.423716,3.4304123
211,6-9yo,3,3,-6.9687896,-4.0219984,-2.2297125
211,6-9yo,4,3,1.1874253,5.396072,0.2474626
211,6-9yo,5,3,-3.050231,1.266851,2.9679294
211,6-9yo,6,3,-5.689987,-3.7666392,-2.5206983
211,6-9yo,1,4,-3.136058,5.3159595,-2.706141
211,6-9yo,2,4,-2.875316,5.588073,-0.63989824
211,6-9yo,3,4,7.823336,-2.975391,-1.9760844
211,6-9yo,4,4,-7.4649353,-1.2002646,-2.9993603
211,6-9yo,5,4,-5.284743,-1.6540148,-1.9814299
211,6-9yo,6,4,7.6366014,-0.39175698,-2.2741714
351,6-9yo,1,1,-1.5981108,-3.9252398,3.3536398
351,6-9yo,2,1,-3.391077,-2.5926204,-3.605861
351,6-9yo,3,1,0.21223769,6.188958,2.6389747
351,6-9yo,4,1,-4.150859,-0.9538125,4.810575
351,6-9yo,5,1,-2.6821425,6.3408823,-1.4960606
351,6-9yo,6,1,-2.0239894,-1.2452972,4.9668903
351,6-9yo,1,2,8.722354,0.15588814,-0.7512426
351,6-9yo,2,2,-2.989189,-2.1431682,3.9188204
351,6-9yo,3,2,-0.97726804,-5.2380486,3.6217883
351,6-9yo,4,2,3.0144553,7.556806,-0.26487634
351,6-9yo,5,2,-4.531119,-4.9497204,-2.367856
351,6-9yo,6,2,-4.36483,-2.3636365,-3.4891357
351,6-9yo,1,3,-4.2108846,-2.5808926,-3.337406
351,6-9yo,2,3,9.120034,-0.18745238,-0.115607895
351,6-9yo,3,3,7.327339,-0.912382,-2.7434611
351,6-9yo,4,3,-5.0781646,-1.2659438,-4.3404937
351,6-9yo,5,3,7.1759744,-0.75206393,-2.0852208
351,6-9yo,6,3,6.225217,-2.2152133,-0.8141038
351,6-9yo,1,4,-2.9133565,6.3502445,0.73500687
351,6-9yo,2,4,-2.7397673,4.92324,-0.19735092
351,6-9yo,3,4,-6.5623093,-0.03852726,-3.517305
351,6-9yo,4,4,6.214569,-5.337051,-0.20520435
351,6-9yo,5,4,0.037284527,-0.63910055,5.949137
351,6-9yo,6,4,0.16360207,5.8241444,-0.6636512
298,6-9yo,1,1,0.29378265,0.38359344,2.2623448
298,6-9yo,2,1,-1.2290858,-1.3209238,1.1167679
298,6-9yo,3,1,4.3440375,-2.725959,-0.4004291
298,6-9yo,4,1,0.5765908,4.291411,0.6737572
298,6-9yo,5,1,-0.27300867,3.786577,1.0442593
298,6-9yo,6,1,-1.2092162,-2.6084728,4.3300757
298,6-9yo,1,2,5.6589084,-0.88196045,-0.7987165
298,6-9yo,2,2,5.163496,-0.62965745,-0.22319855
298,6-9yo,3,2,-3.845445,-0.38909698,-2.4521675
298,6-9yo,4,2,-0.86569446,-2.1837773,2.996659
298,6-9yo,5,2,-0.43202034,-2.5686622,2.3516815
298,6-9yo,6,2,-3.4527006,-2.98878,-3.5081232
298,6-9yo,1,3,-4.1251583,-2.519565,-0.5137471
298,6-9yo,2,3,-2.9420414,-1.8276923,-0.84031475
298,6-9yo,3,3,-2.694957,-0.71629333,2.853122
298,6-9yo,4,3,5.2242336,-1.4534689,-1.5658721
298,6-9yo,5,3,5.2341,-0.5727613,-1.4420927
298,6-9yo,6,3,6.929777,-0.08478073,-0.95030665
298,6-9yo,1,4,-1.8275326,3.017931,-0.94988126
298,6-9yo,2,4,-0.99236935,3.778274,-0.053254105
298,6-9yo,3,4,2.196363,3.8313513,-0.0005255036
298,6-9yo,4,4,-4.935128,-0.6541654,-2.1045446
298,6-9yo,5,4,-4.5290737,-0.6451534,-1.953848
298,6-9yo,6,4,-2.267861,5.6820326,0.12835348
226,6-9yo,1,1,1.1361029,-2.8520653,3.5802715
226,6-9yo,2,1,0.07498435,-2.0802433,4.181301
226,6-9yo,3,1,5.511139,1.3366708,-1.5501645
226,6-9yo,4,1,1.9206314,1.931051,2.7911427
226,6-9yo,5,1,0.4304061,5.0800934,-2.6005168
226,6-9yo,6,1,0.19212547,5.3176537,1.3235848
226,6-9yo,1,2,5.6629763,0.2810423,-2.2767951
226,6-9yo,2,2,-3.2424302,-4.4458413,-2.632024
226,6-9yo,3,2,-2.2665682,-3.8683987,-2.4327474
226,6-9yo,4,2,-4.3649325,-3.9498453,0.4362186
226,6-9yo,5,2,-3.4330456,1.2608387,4.0630865
226,6-9yo,6,2,-1.9345914,-3.165933,3.5299969
226,6-9yo,1,3,-2.049591,5.1334376,0.9759813
226,6-9yo,2,3,-4.606634,5.249587,-0.25818545
226,6-9yo,3,3,-3.7693584,4.0667434,-0.21867189
226,6-9yo,4,3,-2.513401,4.1437297,-1.6789507
226,6-9yo,5,3,-3.8995912,-4.250079,-2.3295171
226,6-9yo,6,3,5.9956784,-1.5902377,-1.3726861
226,6-9yo,1,4,-4.7494864,-2.562414,-2.2794557
226,6-9yo,2,4,7.7740808,1.276496,-1.2910916
226,6-9yo,3,4,0.52478635,-1.5350156,4.201583
226,6-9yo,4,4,4.9577017,-2.124934,-1.5484127
226,6-9yo,5,4,6.9022307,-2.090853,0.866948
226,6-9yo,6,4,-4.2532115,-0.5614838,-3.4808967
323,6-9yo,1,1,7.2178626,0.21575499,-1.8622475
323,6-9yo,2,1,6.7714453,-1.6604254,0.91361105
323,6-9yo,3,1,-3.8818817,-3.435595,-1.4833345
323,6-9yo,4,1,1.2198246,4.649313,-0.58686286
323,6-9yo,5,1,6.7017417,0.7006142,-0.60492086
323,6-9yo,6,1,8.05474,-0.5421574,-3.8828118
323,6-9yo,1,2,-1.2350245,4.4571996,1.8412437
323,6-9yo,2,2,-3.6782207,0.9470477,3.5314739
323,6-9yo,3,2,-1.0273597,3.9089758,-1.8708956
323,6-9yo,4,2,-1.7711189,-0.73804146,3.6373553
323,6-9yo,5,2,-0.73595417,-2.086521,3.0133948
323,6-9yo,6,2,0.5795033,-5.4250107,5.00115
323,6-9yo,1,3,0.20288587,-3.9066634,2.4802496
323,6-9yo,2,3,-0.01459213,5.523152,-2.2459607
323,6-9yo,3,3,-2.1886015,0.6418686,3.39075
323,6-9yo,4,3,-6.259099,-1.5041739,-2.1372733
323,6-9yo,5,3,-3.3207684,3.7960382,0.14607908
323,6-9yo,6,3,-8.033609,-1.49265,-3.7273302
323,6-9yo,1,4,-6.185726,-0.76629114,-2.4592462
323,6-9yo,2,4,-3.0786338,-4.8097725,-2.199124
323,6-9yo,3,4,7.0978436,-1.1152496,-0.036520027
323,6-9yo,4,4,6.810393,-2.4070985,-0.91321605
323,6-9yo,5,4,-2.645019,-2.410131,-2.5545523
323,6-9yo,6,4,-0.6006331,7.45982,2.6089911
341,6-9yo,1,1,-3.7884228,-0.22516255,-2.7728212
341,6-9yo,2,1,6.934852,-2.7308745,0.06989861
341,6-9yo,3,1,9.8910885,0.75057715,0.74173725
341,6-9yo,4,1,0.38463226,0.0390476,3.167051
341,6-9yo,5,1,-3.9200745,-3.344183,-0.8037235
341,6-9yo,6,1,-2.7467625,4.851683,-1.7264016
341,6-9yo,1,2,-3.4020264,-0.54822206,2.9080143
341,6-9yo,2,2,-6.1233745,-2.6332626,-1.3657417
341,6-9yo,3,2,-4.339582,4.4021397,-1.0556383
341,6-9yo,4,2,-2.7116761,4.9863462,-1.0032778
341,6-9yo,5,2,2.3140993,-1.0099039,2.396304
341,6-9yo,6,2,-0.76080066,-4.683506,-2.2927217
341,6-9yo,1,3,3.0143964,5.1200757,0.040379394
341,6-9yo,2,3,1.3313786,4.1184125,-1.7473998
341,6-9yo,3,3,-1.0560368,-3.3390546,-3.0547178
341,6-9yo,4,3,6.128391,-0.56365377,-1.2250038
341,6-9yo,5,3,4.869894,0.4227964,-1.7081766
341,6-9yo,6,3,7.5528746,0.7831291,0.84257144
341,6-9yo,1,4,4.176053,-4.346691,-0.17557196
341,6-9yo,2,4,-2.142857,1.2457241,3.043243
341,6-9yo,3,4,-4.495468,-1.813661,3.3686173
341,6-9yo,4,4,-3.801347,-4.461741,-0.9387695
341,6-9yo,5,4,-3.2639184,3.9312901,0.11559746
341,6-9yo,6,4,-4.0453134,-0.9513048,3.1765532
229,6-9yo,1,1,-0.92247987,3.2195039,-2.1258655
229,6-9yo,2,1,-3.3901227,4.2143807,-0.39665815
229,6-9yo,3,1,0.95300776,-2.7747576,3.0970595
229,6-9yo,4,1,-1.7143297,-0.7153889,3.2458155
229,6-9yo,5,1,-2.7805226,-2.5617528,3.5646863
229,6-9yo,6,1,-3.5158792,-3.2808304,-1.7589725
229,6-9yo,1,2,-4.9292474,-2.5918086,-0.21852568
229,6-9yo,2,2,-0.18185353,-1.3419896,3.2191567
229,6-9yo,3,2,-1.8155237,4.3820424,1.1325841
229,6-9yo,4,2,-0.4003852,5.1379623,-0.7886532
229,6-9yo,5,2,0.37836218,5.708242,0.6551934
229,6-9yo,6,2,9.330576,-0.7871404,0.58008397
229,6-9yo,1,3,0.55456877,1.3664986,3.259156
229,6-9yo,2,3,6.388048,0.64692336,-0.9460616
229,6-9yo,3,3,-4.3289943,-1.9898412,-2.2123775
229,6-9yo,4,3,5.850088,-1.636772,-0.40997344
229,6-9yo,5,3,-4.5005016,-1.0906088,-3.4018795
229,6-9yo,6,3,-4.918479,0.13543117,2.6204956
229,6-9yo,1,4,5.297158,-1.994193,-0.9147667
229,6-9yo,2,4,-2.8160717,-3.5193133,-1.8764375
229,6-9yo,3,4,5.191511,0.38255796,-2.0172656
229,6-9yo,4,4,-3.7353742,-2.7858016,-2.0471878
229,6-9yo,5,4,6.9026647,-2.0558841,-0.818001
229,6-9yo,6,4,-0.8962201,3.9325378,-1.4416076
279,6-9yo,1,1,8.855326,-4.036604,-0.036511585
279,6-9yo,2,1,5.465709,1.0329069,-1.3102939
279,6-9yo,3,1,-3.77601,-3.620679,-2.422135
279,6-9yo,4,1,-6.2755895,-4.1406603,-1.2177281
279,6-9yo,5,1,-2.9003713,3.7094414,-1.0157161
279,6-9yo,6,1,-5.6501765,-4.022444,-1.7751437
279,6-9yo,1,2,-8.850995,-1.9379033,-1.4960821
279,6-9yo,2,2,-2.8093245,-2.9930227,-2.158529
279,6-9yo,3,2,1.0403484,5.619839,-1.6796335
279,6-9yo,4,2,4.375822,-1.5399395,3.7740974
279,6-9yo,5,2,7.0814857,0.026875569,-0.55629945
279,6-9yo,6,2,-0.31237385,5.289751,-2.0453067
279,6-9yo,1,3,-3.9717498,0.6436799,2.3930635
279,6-9yo,2,3,-3.2876742,3.9018846,0.27868465
279,6-9yo,3,3,-3.4164407,0.7544795,3.4104557
279,6-9yo,4,3,6.7237873,0.70634544,-3.1597972
279,6-9yo,5,3,-3.0276604,-3.3394294,-1.497549
279,6-9yo,6,3,8.5738,-2.180088,-0.061924133
279,6-9yo,1,4,3.9674172,5.330826,-0.86046946
279,6-9yo,2,4,0.6312888,-1.9417678,3.190138
279,6-9yo,3,4,6.152103,-2.7536397,0.69131166
279,6-9yo,4,4,-4.82402,4.974253,0.60342616
279,6-9yo,5,4,-1.1534531,-0.396887,3.0695646
279,6-9yo,6,4,-2.6112497,0.9127787,3.8823745
282,6-9yo,1,1,-1.587359,3.9951975,0.12608849
282,6-9yo,2,1,-0.27996364,2.647122,3.8369253
282,6-9yo,3,1,8.324227,-0.55169654,2.1751194
282,6-9yo,4,1,-24.999287,19.505604,-0.52950704
282,6-9yo,5,1,-1.6425012,5.674159,-0.03037806
282,6-9yo,6,1,-7.4645553,-4.0992436,-1.1873082
282,6-9yo,1,2,4.9075127,-0.062820226,-0.5891453
282,6-9yo,2,2,5.7645016,-3.152096,-0.19471738
282,6-9yo,3,2,-0.8234283,5.959302,-3.1726754
282,6-9yo,4,2,42.95233,2.7943866,-4.3244925
282,6-9yo,5,2,1.6352744,-1.7293434,3.9817321
282,6-9yo,6,2,8.955031,-1.9673498,-1.8390359
282,6-9yo,1,3,-2.4583008,-2.0426369,-2.1864042
282,6-9yo,2,3,-5.575332,-3.3295257,-0.4460436
282,6-9yo,3,3,-1.7470952,-5.3946495,-3.7385736
282,6-9yo,4,3,6.3970156,-5.7047906,9.454717
282,6-9yo,5,3,-7.353443,-2.7989612,-1.530741
282,6-9yo,6,3,-2.2819335,5.7860513,-1.6954155
282,6-9yo,1,4,-0.8618554,-1.8897377,2.6494617
282,6-9yo,2,4,0.09079439,3.8344986,-3.1961637
282,6-9yo,3,4,-5.7537045,-0.012954762,4.736131
282,6-9yo,4,4,-24.350067,-16.595201,-4.600718
282,6-9yo,5,4,7.36067,-1.1458533,-2.420614
282,6-9yo,6,4,0.79145783,0.28054422,4.7217603
350,6-9yo,1,1,-4.349475,-0.5635348,2.7186322
350,6-9yo,2,1,7.77223,-2.7203546,-0.89110434
350,6-9yo,3,1,-3.055674,5.972933,1.3569715
350,6-9yo,4,1,-7.232398,-7.2420654,-0.25204808
350,6-9yo,5,1,-5.2025967,-3.9453757,-3.2159584
350,6-9yo,6,1,-1.4244871,-4.4719167,-4.5620837
350,6-9yo,1,2,-2.9554067,-2.5492449,-2.7053182
350,6-9yo,2,2,0.6243799,2.5610502,3.1557221
350,6-9yo,3,2,-4.7212586,-3.4757097,-2.9738085
350,6-9yo,4,2,4.3372803,0.7934148,6.426802
350,6-9yo,5,2,-0.12399346,-2.7460601,4.850328
350,6-9yo,6,2,9.373844,2.6102722,0.026500791
350,6-9yo,1,3,0.86884695,5.3921466,-0.7032279
350,6-9yo,2,3,-6.309091,-4.708368,-0.054023758
350,6-9yo,3,3,1.5028895,-3.6698248,4.199773
350,6-9yo,4,3,-5.7691927,7.7383747,-1.6490961
350,6-9yo,5,3,8.774883,0.18058588,-1.7806921
350,6-9yo,6,3,-6.288542,5.9957356,-0.16978769
350,6-9yo,1,4,6.436036,-2.2793672,0.6899138
350,6-9yo,2,4,-2.0875196,4.867673,-2.2105942
350,6-9yo,3,4,6.274043,1.1726035,-2.5829349
350,6-9yo,4,4,8.664312,-1.2897261,-4.525658
350,6-9yo,5,4,-3.4482934,6.51085,0.14632353
350,6-9yo,6,4,-1.6608182,-4.1340914,4.70537
212,6-9yo,1,1,7.513688,2.1048489,-0.16632085
212,6-9yo,2,1,-2.199496,5.0970535,-1.2020096
212,6-9yo,3,1,1.2635552,-3.4282289,4.044404
212,6-9yo,4,1,-5.976738,-4.5021763,-1.7526183
212,6-9yo,5,1,-3.7637446,-1.9860363,2.9611087
212,6-9yo,6,1,2.2970593,-2.9548714,2.4562473
212,6-9yo,1,2,-5.470512,4.0565596,-0.17407914
212,6-9yo,2,2,-0.5109248,-0.4277136,4.2121644
212,6-9yo,3,2,-3.7416658,5.365701,1.1730316
212,6-9yo,4,2,0.7260528,-0.7920946,4.7374716
212,6-9yo,5,2,-4.5493984,5.004274,-0.7393125
212,6-9yo,6,2,5.0651193,1.7746489,-1.8515869
212,6-9yo,1,3,-1.1335891,-3.4461367,-2.709829
212,6-9yo,2,3,7.2288194,-0.8602473,-1.1996698
212,6-9yo,3,3,6.769978,1.4548222,-2.089506
212,6-9yo,4,3,-3.0747848,6.176225,-0.95925224
212,6-9yo,5,3,10.32351,0.7478377,0.26875567
212,6-9yo,6,3,-3.295736,3.3709438,1.6576271
212,6-9yo,1,4,-0.90958804,-2.715271,3.050229
212,6-9yo,2,4,-4.518398,-3.809093,-1.8104829
212,6-9yo,3,4,-4.291869,-3.3922966,-3.127931
212,6-9yo,4,4,8.325472,-0.8819526,-2.025602
212,6-9yo,5,4,-2.0103676,-3.7660763,-2.4905508
212,6-9yo,6,4,-4.066443,-2.190722,-2.2622879
240,6-9yo,1,1,1.806107,-7.402752,6.9619913
240,6-9yo,2,1,-4.2437897,5.0390263,0.48751825
240,6-9yo,3,1,-1.4717845,3.4422505,-2.751034
240,6-9yo,4,1,-0.016585197,-3.4105754,2.9919095
240,6-9yo,5,1,4.52165,0.60123223,-1.4331397
240,6-9yo,6,1,3.7627838,-2.6060686,0.658508
240,6-9yo,1,2,13.201237,2.1347115,-3.8471024
240,6-9yo,2,2,1.9875699,-2.5036285,2.634466
240,6-9yo,3,2,-4.8767695,-3.0130703,0.3174025
240,6-9yo,4,2,6.1322603,-0.42602733,-2.1228878
240,6-9yo,5,2,-4.2328334,-0.7756536,-1.5997248
240,6-9yo,6,2,-3.6772175,-2.6759093,-0.7614282
240,6-9yo,1,3,-5.860831,10.157246,2.9589033
240,6-9yo,2,3,-4.2170534,-4.001097,-1.5941695
240,6-9yo,3,3,1.2095674,1.8888917,3.8192482
240,6-9yo,4,3,-5.6619525,-0.8249832,-2.4333477
240,6-9yo,5,3,0.68101805,-3.5330927,1.6053311
240,6-9yo,6,3,-0.9669546,2.537028,2.9044805
240,6-9yo,1,4,-9.14652,-4.8892093,-6.073794
240,6-9yo,2,4,6.473271,1.4657,-1.5278143
240,6-9yo,3,4,5.1389875,-2.318072,-1.385617
240,6-9yo,4,4,-0.45372313,4.661586,1.564328
240,6-9yo,5,4,-0.9698343,3.7075138,1.4275339
240,6-9yo,6,4,0.8813875,2.7449498,-2.8015609
262,6-9yo,1,1,1.0033977,3.1457078,-1.9466841
262,6-9yo,2,1,0.98260504,4.7073154,-1.2142545
262,6-9yo,3,1,-0.8174054,5.723105,-2.5256104
262,6-9yo,4,1,-2.308085,-4.0926356,-2.3686268
262,6-9yo,5,1,8.622743,0.36609033,-0.6972548
262,6-9yo,6,1,6.094765,-3.699095,1.6941277
262,6-9yo,1,2,6.6121325,-1.9941562,0.4788511
262,6-9yo,2,2,-5.9023137,-2.4685185,-2.5212328
262,6-9yo,3,2,7.4761267,-3.1276522,-1.1474832
262,6-9yo,4,2,-1.0404371,4.3974805,-2.295102
262,6-9yo,5,2,-1.3303932,-1.6405865,3.7573237
262,6-9yo,6,2,-5.179533,-4.0329456,-2.2168016
262,6-9yo,1,3,-5.056236,-2.8362973,-1.018721
262,6-9yo,2,3,8.988249,-2.1677644,0.11564922
262,6-9yo,3,3,-6.7414503,-4.1434336,-0.9100584
262,6-9yo,4,3,-3.8733888,0.24057871,3.7435598
262,6-9yo,5,3,-3.5683143,-3.8084724,-2.4713326
262,6-9yo,6,3,2.9969194,4.61788,-2.860374
262,6-9yo,1,4,-2.559294,1.6847452,2.4865532
262,6-9yo,2,4,-4.068541,-0.07103352,3.619837
262,6-9yo,3,4,0.082729995,1.5479811,4.583152
262,6-9yo,4,4,7.221912,-0.54542357,0.92016715
262,6-9yo,5,4,-3.7240355,5.082968,-0.58873683
262,6-9yo,6,4,-3.9121509,3.1141627,3.3830488
297,6-9yo,1,1,-2.5464644,4.730116,-1.1039346
297,6-9yo,2,1,10.297505,-2.1422405,-0.87398404
297,6-9yo,3,1,5.1470876,0.11529856,-2.1522086
297,6-9yo,4,1,-7.466777,-4.005227,-3.0022295
297,6-9yo,5,1,-2.5183458,-2.281918,4.1419125
297,6-9yo,6,1,-1.0720094,-3.6427817,-3.3182096
297,6-9yo,1,2,2.185922,-0.11824707,4.0647836
297,6-9yo,2,2,-6.903475,-3.9935882,-3.0275168
297,6-9yo,3,2,-3.2386696,3.9492705,-0.51842
297,6-9yo,4,2,1.0631998,-2.5602503,6.5487785
297,6-9yo,5,2,0.27231336,5.459661,0.5305056
297,6-9yo,6,2,6.132481,2.5677073,-0.3105792
297,6-9yo,1,3,8.252276,-1.492324,-2.1718678
297,6-9yo,2,3,-2.4034657,-0.4020275,5.6874723
297,6-9yo,3,3,1.5823363,-0.39255792,3.6902795
297,6-9yo,4,3,8.351093,-1.3980252,-3.523447
297,6-9yo,5,3,-4.600932,-1.268748,-3.6930974
297,6-9yo,6,3,-0.33617094,-3.3208992,3.5301998
297,6-9yo,1,4,-7.891735,-3.119545,-0.7889801
297,6-9yo,2,4,-0.99056286,6.5378566,-1.78597
297,6-9yo,3,4,-3.4907548,-3.6720107,-1.0196519
297,6-9yo,4,4,-1.9475157,7.963503,-0.02310046
297,6-9yo,5,4,6.846966,-1.9089943,-0.9793217
297,6-9yo,6,4,-4.7243023,4.395973,0.098590426
280,6-9yo,1,1,4.5900664,-1.0824409,-1.1688334
280,6-9yo,2,1,-5.3938155,-2.7531476,-1.2763184
280,6-9yo,3,1,0.06608932,3.3773303,-2.220279
280,6-9yo,4,1,-1.9283214,-3.3673828,3.2311168
280,6-9yo,5,1,1.6361517,0.6036256,2.1035683
280,6-9yo,6,1,0.52850085,3.0023828,-0.042112127
280,6-9yo,1,2,0.363743,3.3960772,0.537503
280,6-9yo,2,2,1.9247347,-1.8216449,2.9335234
280,6-9yo,3,2,6.758106,-2.4448645,-0.21396743
280,6-9yo,4,2,-3.4810238,6.4361334,0.26745754
280,6-9yo,5,2,-2.0770783,3.6791112,-0.7907411
280,6-9yo,6,2,-3.2618036,-0.7805615,-0.6703669
280,6-9yo,1,3,-4.1648517,-0.5651289,-1.6788453
280,6-9yo,2,3,-2.3348792,4.6561565,0.35780638
280,6-9yo,3,3,-6.2414103,-2.7844248,-0.5321759
280,6-9yo,4,3,9.990677,0.12709129,-0.6084594
280,6-9yo,5,3,-3.722319,-3.1049478,-0.048371386
280,6-9yo,6,3,-0.72105527,-0.8483392,1.107796
280,6-9yo,1,4,-0.788958,-1.7485063,2.3101754
280,6-9yo,2,4,5.8039603,-0.08136197,-2.0150113
280,6-9yo,3,4,-0.5827822,1.8519589,2.9664214
280,6-9yo,4,4,-4.5813327,-3.1958413,-2.8901138
280,6-9yo,5,4,4.163245,-1.17779,-1.2644564
280,6-9yo,6,4,3.4543588,-1.373482,-0.39531702
329,6-9yo,1,1,3.7319791,-1.8207431,0.905621
329,6-9yo,2,1,4.988599,-1.651074,0.32304373
329,6-9yo,3,1,-3.3502624,-2.0672996,-1.7085251
329,6-9yo,4,1,8.016574,-0.69626343,-0.9091805
329,6-9yo,5,1,6.412531,-0.60851586,0.16782145
329,6-9yo,6,1,-2.125265,-1.2801868,2.040208
329,6-9yo,1,2,-2.815794,-1.4790496,-1.6591187
329,6-9yo,2,2,-4.175241,-1.082921,-1.4544737
329,6-9yo,3,2,-2.4128158,3.4621367,-0.14012912
329,6-9yo,4,2,-2.137658,4.362007,-0.9955177
329,6-9yo,5,2,-1.3706498,4.990073,-0.92069674
329,6-9yo,6,2,-2.0535061,-1.6910864,-1.9040921
329,6-9yo,1,3,2.333299,2.3917992,-1.0036247
329,6-9yo,2,3,-3.0020676,0.4370886,1.9574498
329,6-9yo,3,3,-1.3193259,-1.34571,2.2798915
329,6-9yo,4,3,-1.1826963,-0.6571771,4.0145826
329,6-9yo,5,3,-2.4182825,-3.6708322,-1.767354
329,6-9yo,6,3,-1.2046767,3.3680425,-0.1758773
329,6-9yo,1,4,-3.2494836,0.90799254,1.7571219
329,6-9yo,2,4,2.1887085,2.2969062,-0.8260201
329,6-9yo,3,4,7.082405,-0.049126267,-0.43123695
329,6-9yo,4,4,-4.696218,-3.0085666,-2.1098824
329,6-9yo,5,4,-2.6235993,-0.7107263,2.52023
329,6-9yo,6,4,5.383447,-0.3967698,0.03975953
253,6-9yo,1,1,7.2059264,-3.697241,-0.047737848
253,6-9yo,2,1,-1.490376,-5.2186484,-3.769418
253,6-9yo,3,1,8.384861,-0.5455274,-2.7201927
253,6-9yo,4,1,-4.9742885,6.1503015,-0.94834346
253,6-9yo,5,1,-3.7946782,-1.7296317,-3.343299
253,6-9yo,6,1,0.9823019,0.36539805,4.2822456
253,6-9yo,1,2,1.4791746,5.6937714,-3.187642
253,6-9yo,2,2,8.73851,1.7680318,0.24556156
253,6-9yo,3,2,-1.2053282,6.828431,2.2701712
253,6-9yo,4,2,-6.6471443,-5.448112,-0.18995528
253,6-9yo,5,2,5.1859818,-3.3578079,0.29224232
253,6-9yo,6,2,-5.230361,-3.7080488,-0.83357143
253,6-9yo,1,3,-6.4170074,-3.3000567,-2.9880667
253,6-9yo,2,3,-4.6365614,7.0203757,-0.7106725
253,6-9yo,3,3,-0.67387533,-4.813236,4.8822865
253,6-9yo,4,3,4.4443884,0.21275347,5.1779737
253,6-9yo,5,3,1.9346038,5.2790475,-0.77079767
253,6-9yo,6,3,6.0019827,-1.7909731,-1.8843778
253,6-9yo,1,4,-2.268095,1.3035247,6.223448
253,6-9yo,2,4,-2.6115727,-3.5697572,4.2345285
253,6-9yo,3,4,-6.505659,-1.4696666,-4.432263
253,6-9yo,4,4,7.177046,-0.9149427,-4.039674
253,6-9yo,5,4,-3.3259053,-0.19160779,3.8218534
253,6-9yo,6,4,-1.753922,5.133623,-1.5642984
268,6-9yo,1,1,-1.3637272,4.732924,-0.087280385
268,6-9yo,2,1,8.179575,0.19107169,0.3500392
268,6-9yo,3,1,6.678117,3.700214,0.8335587
268,6-9yo,4,1,6.024855,-1.6254225,-2.0716505
268,6-9yo,5,1,-4.70122,5.0409565,0.29716027
268,6-9yo,6,1,-2.4162683,1.5829812,2.923475
268,6-9yo,1,2,7.0720835,-0.8469596,-1.0887374
268,6-9yo,2,2,-3.6618288,-0.63051987,2.5032592
268,6-9yo,3,2,-1.4335084,-3.71637,4.62798
268,6-9yo,4,2,-5.912348,0.051765736,-2.481731
268,6-9yo,5,2,0.05509518,-3.1439111,3.196453
268,6-9yo,6,2,4.8920455,-1.9338753,0.94996196
268,6-9yo,1,3,-4.895275,-2.2744117,-2.0912304
268,6-9yo,2,3,-2.567945,4.877347,-1.1970888
268,6-9yo,3,3,-6.3692074,4.010789,-0.96208614
268,6-9yo,4,3,-1.2583873,-3.4504354,3.0816398
268,6-9yo,5,3,7.3435683,1.8678105,-0.81694216
268,6-9yo,6,3,1.5420282,2.643125,-2.3644729
268,6-9yo,1,4,-0.8130798,-1.6115526,3.2672489
268,6-9yo,2,4,-1.9498005,-4.4378986,-1.6562089
268,6-9yo,3,4,1.1245998,-3.994635,-4.499452
268,6-9yo,4,4,1.1458806,5.0240917,1.4717398
268,6-9yo,5,4,-2.6974437,-3.7648544,-2.6766734
268,6-9yo,6,4,-4.017806,-2.2922318,-1.5089647
221,6-9yo,1,1,5.774024,2.9084766,-3.6334114
221,6-9yo,2,1,-3.4688447,5.102381,-0.7424043
221,6-9yo,3,1,-5.070286,-3.858099,-2.733223
221,6-9yo,4,1,7.423259,-1.8507712,2.3152058
221,6-9yo,5,1,-1.1214607,-1.4884045,2.524594
221,6-9yo,6,1,-4.97949,-4.4522853,-0.9036646
221,6-9yo,1,2,4.0607157,-3.3409047,4.400241
221,6-9yo,2,2,3.2610927,0.31476334,3.7463434
221,6-9yo,3,2,-3.5608423,-0.28907624,4.4711785
221,6-9yo,4,2,-6.185088,0.82899016,3.5502768
221,6-9yo,5,2,-0.3435231,4.38914,-0.039942846
221,6-9yo,6,2,-0.3869359,4.4721565,-3.6358275
221,6-9yo,1,3,-4.797909,-4.390921,-3.1437268
221,6-9yo,2,3,4.8552785,-0.8948324,-3.0257745
221,6-9yo,3,3,-1.3923364,5.4450917,-1.7066948
221,6-9yo,4,3,0.98232275,6.598878,-2.5764337
221,6-9yo,5,3,-2.985845,-1.7143772,-1.8659236
221,6-9yo,6,3,-1.1912259,2.6209402,4.603897
221,6-9yo,1,4,-5.03683,4.82335,2.3768992
221,6-9yo,2,4,-4.6475253,-4.5223126,0.021834925
221,6-9yo,3,4,10.023465,-1.2979167,-0.03126261
221,6-9yo,4,4,-2.2204907,-5.577098,-3.2890475
221,6-9yo,5,4,4.45083,-1.1863587,-0.6187269
221,6-9yo,6,4,6.557653,-2.6408134,-0.064403936
343,6-9yo,1,1,-1.2131485,-1.2395629,3.7217662
343,6-9yo,2,1,4.252214,-1.2691797,4.490618
343,6-9yo,3,1,-4.062458,-4.1756444,-1.1958146
343,6-9yo,4,1,-3.6558099,6.206195,-0.9057897
343,6-9yo,5,1,5.2047677,-2.9928615,-0.52856654
343,6-9yo,6,1,-4.104341,2.943176,0.3442718
343,6-9yo,1,2,5.978799,-1.763547,-0.9900766
343,6-9yo,2,2,9.642085,0.87273,-3.03018
343,6-9yo,3,2,0.63762057,0.041797247,4.339019
343,6-9yo,4,2,7.104277,0.07570014,-2.4797502
343,6-9yo,5,2,-2.3836577,-0.46732658,3.6347246
343,6-9yo,6,2,-3.0152743,-2.920534,-1.2969165
343,6-9yo,1,3,-0.24712184,5.2932816,-0.44685647
343,6-9yo,2,3,-6.9661837,7.130349,-0.10750762
343,6-9yo,3,3,6.2300243,-0.59697604,-1.8197542
343,6-9yo,4,3,0.90886945,-0.99149686,5.517707
343,6-9yo,5,3,-4.930498,-1.0176748,-2.5521865
343,6-9yo,6,3,2.1239343,-1.1793147,2.5269132
343,6-9yo,1,4,-4.5185313,-2.2901692,-2.2848344
343,6-9yo,2,4,-6.928115,-6.733898,-1.3529298
343,6-9yo,3,4,-2.8051875,4.730825,-1.3234493
343,6-9yo,4,4,-4.3573337,-5.290398,-2.1321664
343,6-9yo,5,4,2.1093888,4.4778624,-0.5539734
343,6-9yo,6,4,4.995681,1.1566731,-1.5742695
273,6-9yo,1,1,-2.9467971,0.7527836,1.6401678
273,6-9yo,2,1,-0.65833974,-0.84161216,1.7689753
273,6-9yo,3,1,-5.4155593,-2.6688464,-2.4358501
273,6-9yo,4,1,-0.113236085,4.9195466,-1.8762373
273,6-9yo,5,1,-4.5130224,-2.611289,-1.0648345
273,6-9yo,6,1,3.9477572,0.53040564,-1.8915913
273,6-9yo,1,2,0.8024245,1.831632,-1.3287405
273,6-9yo,2,2,3.7448795,-1.3578906,-0.5583043
273,6-9yo,3,2,-4.479211,0.3473068,3.2476804
273,6-9yo,4,2,-0.20547098,0.7647373,4.029028
273,6-9yo,5,2,-1.8771895,0.7340243,2.2671218
273,6-9yo,6,2,-3.2671757,-3.173078,-0.68048984
273,6-9yo,1,3,4.782892,-0.8179684,0.684202
273,6-9yo,2,3,0.0893192,3.5270307,-0.18055676
273,6-9yo,3,3,8.077055,-2.734719,0.452321
273,6-9yo,4,3,-4.8805957,-3.0028589,-1.171479
273,6-9yo,5,3,6.0484734,-1.9360361,-0.02434628
273,6-9yo,6,3,-3.1272585,3.3955684,0.1881604
273,6-9yo,1,4,-2.638521,-1.7664472,-0.9956299
273,6-9yo,2,4,-3.1758592,-1.3275268,-1.0301139
273,6-9yo,3,4,1.8177149,5.056258,-1.2641523
273,6-9yo,4,4,5.199303,-2.6814244,-0.98130953
273,6-9yo,5,4,0.34173942,3.813301,-1.1779414
273,6-9yo,6,4,2.4466774,-0.752897,2.3839216
324,6-9yo,1,1,0.24591316,4.5479665,0.25263298
324,6-9yo,2,1,6.2294106,-0.961468,1.6136761
324,6-9yo,3,1,5.932063,-3.5128152,-0.945123
324,6-9yo,4,1,-3.1131506,3.5202153,0.18437892
324,6-9yo,5,1,-1.0490103,4.8421507,-0.828637
324,6-9yo,6,1,-5.040978,-1.2280319,-3.1940591
324,6-9yo,1,2,5.394997,-1.5472275,-1.5802867
324,6-9yo,2,2,-0.15083699,5.006389,-2.6055145
324,6-9yo,3,2,-2.741319,-2.325459,3.6095786
324,6-9yo,4,2,4.7098804,1.4382102,-0.63456786
324,6-9yo,5,2,-0.5336109,-0.7250624,4.109088
324,6-9yo,6,2,3.6625767,5.017422,-0.67548734
324,6-9yo,1,3,-0.65162194,-1.7849834,3.4782667
324,6-9yo,2,3,-4.153683,0.46729612,3.829914
324,6-9yo,3,3,1.6307287,6.6043334,0.4114781
324,6-9yo,4,3,-1.3658007,-2.6788213,-3.2309394
324,6-9yo,5,3,-7.2862763,-2.5506735,-1.882825
324,6-9yo,6,3,-4.4402137,0.24546322,3.5230687
324,6-9yo,1,4,-4.9892874,-1.2157547,-2.1506138
324,6-9yo,2,4,-1.9248915,-4.5122175,-2.8380754
324,6-9yo,3,4,-4.821473,-0.7660597,-3.0759332
324,6-9yo,4,4,-0.23092951,-2.2796059,3.6811275
324,6-9yo,5,4,8.868894,-1.5664136,-1.397624
324,6-9yo,6,4,5.8186154,-4.034854,0.346477
239,10-12yo,1,1,-2.1316824,4.77336,-0.53887683
239,10-12yo,2,1,-3.635342,3.5253832,-0.20036213
239,10-12yo,3,1,0.47764638,4.770809,-2.0122335
239,10-12yo,4,1,-4.1464434,-3.4148064,-0.9352217
239,10-12yo,5,1,-1.7814661,-2.0946512,-1.1817394
239,10-12yo,6,1,-4.473758,0.3749815,-1.681576
239,10-12yo,1,2,-4.4180923,-3.0850527,-2.0283082
239,10-12yo,2,2,5.4975643,0.20677027,-2.1268458
239,10-12yo,3,2,-3.8804908,0.7715392,2.9392192
239,10-12yo,4,2,-3.2187073,4.0834537,-0.011082337
239,10-12yo,5,2,0.7327417,2.103739,-1.5695773
239,10-12yo,6,2,1.5636564,3.005987,0.94662905
239,10-12yo,1,3,-0.28188458,-1.1357459,3.8866851
239,10-12yo,2,3,2.2015235,-0.5566064,3.259439
239,10-12yo,3,3,-2.151993,-4.087547,-2.2727895
239,10-12yo,4,3,2.3080163,-0.8604826,3.1643238
239,10-12yo,5,3,3.2678847,-0.9646753,0.9386622
239,10-12yo,6,3,-1.6789203,-1.9930917,1.974468
239,10-12yo,1,4,6.8316603,-0.5525605,-1.3194994
239,10-12yo,2,4,-4.0637474,-3.1755476,-0.93223166
239,10-12yo,3,4,5.5548377,-1.4548011,1.3458034
239,10-12yo,4,4,5.0571337,0.19183777,-2.2180204
239,10-12yo,5,4,-2.2191594,0.9555881,1.8126562
239,10-12yo,6,4,4.589022,-1.3878765,-1.239521
247,10-12yo,1,1,-5.6833925,4.777981,-1.4414483
247,10-12yo,2,1,-4.7954535,-4.5518312,-3.6373851
247,10-12yo,3,1,-4.0388627,0.79713917,4.576507
247,10-12yo,4,1,-0.36469635,2.996583,-1.0554273
247,10-12yo,5,1,4.911168,-1.5033373,1.4856713
247,10-12yo,6,1,0.79597974,-3.403432,4.369417
247,10-12yo,1,2,-6.320358,-2.1009562,3.5704405
247,10-12yo,2,2,-0.0998977,-2.4967911,5.7327976
247,10-12yo,3,2,7.100428,-0.9057118,1.3732624
247,10-12yo,4,2,4.8451066,-1.6269172,-0.22077027
247,10-12yo,5,2,-2.1056905,-3.2256975,-1.9241152
247,10-12yo,6,2,-6.8073006,-2.7883396,-2.3319216
247,10-12yo,1,3,0.06638919,-3.8609238,-3.351765
247,10-12yo,2,3,-4.2535133,6.4588847,-0.17164573
247,10-12yo,3,3,-0.5907551,5.2757573,-3.174191
247,10-12yo,4,3,-3.9272428,-2.4355633,-0.41217127
247,10-12yo,5,3,-4.184586,1.0660254,2.1483266
247,10-12yo,6,3,-0.9591456,7.494889,0.6494346
247,10-12yo,1,4,11.937357,1.1839032,1.222772
247,10-12yo,2,4,9.148867,0.5897375,-1.923769
247,10-12yo,3,4,-2.4708142,-5.167186,-2.7755795
247,10-12yo,4,4,-0.55316687,1.0658985,1.6883699
247,10-12yo,5,4,1.3791088,3.6630118,-1.7098818
247,10-12yo,6,4,6.970466,-1.3031163,-2.6869307
220,10-12yo,1,1,-6.14768,-0.3515487,3.0137832
220,10-12yo,2,1,5.9483643,-1.090365,-2.1929042
220,10-12yo,3,1,-3.987608,-2.0252547,-2.3381355
220,10-12yo,4,1,8.157417,-0.15284663,-0.117265664
220,10-12yo,5,1,-2.9402456,0.31501758,-1.9760656
220,10-12yo,6,1,3.8277614,-0.034384597,-2.0325892
220,10-12yo,1,2,-5.589803,-1.8547606,-2.834577
220,10-12yo,2,2,-1.0246813,5.531664,0.1833227
220,10-12yo,3,2,6.172599,-1.8603307,-0.0841746
220,10-12yo,4,2,-2.5684264,3.9516208,-1.5548272
220,10-12yo,5,2,3.0772204,-3.37667,-0.24767019
220,10-12yo,6,2,-3.7076452,-3.6121466,-0.3245053
220,10-12yo,1,3,9.317377,-2.5906544,0.45188138
220,10-12yo,2,3,-5.700625,-2.409039,-1.8017125
220,10-12yo,3,3,-2.6592233,-0.4992855,3.1762784
220,10-12yo,4,3,-2.5325103,-0.40956792,3.957937
220,10-12yo,5,3,2.724133,3.5946,0.23532785
220,10-12yo,6,3,2.752208,-0.49549386,2.373079
220,10-12yo,1,4,2.4201033,4.796964,-0.631087
220,10-12yo,2,4,0.77694243,-2.032259,3.8112938
220,10-12yo,3,4,0.47423142,4.3848696,-0.75396734
220,10-12yo,4,4,-3.0564802,-3.3892076,-2.2858458
220,10-12yo,5,4,-2.8611073,-0.53294694,1.9884074
220,10-12yo,6,4,-2.8723235,4.1420255,-0.015983049
243,10-12yo,1,1,6.91191,-0.011709386,-1.5897527
243,10-12yo,2,1,7.8794446,1.5391507,0.15046914
243,10-12yo,3,1,-4.7615967,-1.4983777,2.8398676
243,10-12yo,4,1,-3.1076958,-2.6235416,-1.0656016
243,10-12yo,5,1,5.864883,2.1337788,-0.65605396
243,10-12yo,6,1,-1.7516662,-2.846023,2.7222762
243,10-12yo,1,2,-6.1720567,-2.2423105,-0.611738
243,10-12yo,2,2,-1.6210505,-2.0752032,2.0546339
243,10-12yo,3,2,-1.1945926,-5.2000566,-2.5043547
243,10-12yo,4,2,-1.8428249,1.3173288,2.672729
243,10-12yo,5,2,-5.3060822,2.586918,0.60328233
243,10-12yo,6,2,-3.085264,6.650082,-0.036173377
243,10-12yo,1,3,-4.0304093,2.8924754,0.0043143127
243,10-12yo,2,3,-5.794573,2.8594518,-0.21052928
243,10-12yo,3,3,-2.0329657,6.671387,-1.3181928
243,10-12yo,4,3,0.29448622,2.7071435,-2.0856464
243,10-12yo,5,3,-3.508976,-2.3437932,-1.0671777
243,10-12yo,6,3,9.339636,-0.115340926,-0.53732365
243,10-12yo,1,4,3.290557,-0.6384558,2.1971762
243,10-12yo,2,4,-0.46382058,-2.3233974,-1.994574
243,10-12yo,3,4,7.9891534,0.027046902,0.9826795
243,10-12yo,4,4,4.656035,-1.4009305,0.47851816
243,10-12yo,5,4,2.9501731,-2.3769038,1.1199492
243,10-12yo,6,4,-4.5027065,-3.6887183,-2.1487794
281,10-12yo,1,1,5.519116,-3.3947532,-0.006718448
281,10-12yo,2,1,5.7675858,-2.1340103,1.0379664
281,10-12yo,3,1,-1.1461486,5.927719,0.59194434
281,10-12yo,4,1,10.291526,-2.9950511,0.13806105
281,10-12yo,5,1,-2.075546,5.7031083,-1.6058596
281,10-12yo,6,1,-0.99601716,3.733172,-2.642039
281,10-12yo,1,2,0.31691554,3.8104498,-2.2432754
281,10-12yo,2,2,0.83537185,5.068216,-1.0921339
281,10-12yo,3,2,-1.5235963,-2.9838202,3.5866797
281,10-12yo,4,2,-4.3872905,0.42531288,5.438477
281,10-12yo,5,2,-5.958519,-0.6460144,3.6602137
281,10-12yo,6,2,-0.57660913,1.8891985,3.6685677
281,10-12yo,1,3,-0.34227777,2.9592888,2.544692
281,10-12yo,2,3,-4.0115814,-0.33136827,3.474043
281,10-12yo,3,3,7.2282133,-0.9478294,-1.0948812
281,10-12yo,4,3,1.8288574,5.4969573,-2.1632156
281,10-12yo,5,3,-3.714018,-4.3589754,-2.7558453
281,10-12yo,6,3,6.1442385,-1.9499784,-0.48610947
281,10-12yo,1,4,-5.493754,-3.3749866,-0.29469842
281,10-12yo,2,4,-2.591376,-2.6028378,-3.419875
281,10-12yo,3,4,-4.5584674,-1.99607,-3.083744
281,10-12yo,4,4,-7.7330923,-2.9272213,-3.413321
281,10-12yo,5,4,11.748083,-0.69811785,0.7014897
281,10-12yo,6,4,-4.571614,-3.6723933,-0.5404187
251,10-12yo,1,1,-0.837958,5.3479023,-0.56069934
251,10-12yo,2,1,1.9094326,0.6959342,4.321024
251,10-12yo,3,1,5.8607225,-1.3794293,-2.531337
251,10-12yo,4,1,-1.7734998,5.2932706,-1.1769252
251,10-12yo,5,1,6.6657543,-0.22183703,0.803938
251,10-12yo,6,1,0.29322216,-3.038749,-2.3507454
251,10-12yo,1,2,-6.514811,-2.5676906,-2.3997955
251,10-12yo,2,2,-2.903493,4.494576,-1.5287062
251,10-12yo,3,2,-2.5662193,5.460375,-1.3576771
251,10-12yo,4,2,-3.4492028,-1.3838884,3.239391
251,10-12yo,5,2,-1.6863126,-4.1039643,-1.6881351
251,10-12yo,6,2,-1.2985115,-2.2975597,2.6368325
251,10-12yo,1,3,-1.681811,-1.2010889,3.99863
251,10-12yo,2,3,-4.390401,-4.058289,-0.23998657
251,10-12yo,3,3,1.7457992,0.22513115,4.561261
251,10-12yo,4,3,-1.3953528,-3.804475,-2.8371882
251,10-12yo,5,3,-3.8486242,0.20242871,2.651296
251,10-12yo,6,3,6.123096,2.2433982,0.23566672
251,10-12yo,1,4,9.034581,-1.5791227,-1.0381352
251,10-12yo,2,4,5.3844614,-1.1322197,-2.552332
251,10-12yo,3,4,-5.0403023,-4.306079,-0.67224616
251,10-12yo,4,4,6.618055,-0.104907975,0.7747228
251,10-12yo,5,4,-1.1308177,4.1233726,-1.7670977
251,10-12yo,6,4,-5.117808,3.0929117,-0.52175444
322,10-12yo,1,1,-5.017806,-2.6090982,-1.8626268
322,10-12yo,2,1,-2.9161708,4.355377,-0.50815755
322,10-12yo,3,1,8.797908,0.39690208,-3.8354194
322,10-12yo,4,1,1.0581166,4.1645937,-2.2129965
322,10-12yo,5,1,1.626839,6.1857924,-3.0876663
322,10-12yo,6,1,6.341748,-1.6819067,-0.9487784
322,10-12yo,1,2,-2.8444345,4.8898554,0.84881586
322,10-12yo,2,2,7.5024,-0.05093843,-0.6912223
322,10-12yo,3,2,-5.8996058,6.3021193,-0.90994537
322,10-12yo,4,2,9.139283,-2.40765,0.45887327
322,10-12yo,5,2,-2.0831633,-5.936243,-3.2516506
322,10-12yo,6,2,-4.4264836,-1.9889126,-2.602798
322,10-12yo,1,3,1.3236215,-3.0162907,2.6003504
322,10-12yo,2,3,-3.76904,-3.2405577,-1.5868266
322,10-12yo,3,3,-5.72197,-6.155646,-1.7524762
322,10-12yo,4,3,-3.4916809,1.8095611,3.0835044
322,10-12yo,5,3,-7.5701156,1.3096772,3.3746378
322,10-12yo,6,3,-1.6099263,-2.2866876,3.3879647
322,10-12yo,1,4,6.5386176,0.7355316,-1.5865396
322,10-12yo,2,4,-0.81719023,-1.0638819,2.7862062
322,10-12yo,3,4,2.8236663,-0.54337484,6.497841
322,10-12yo,4,4,-6.7057147,-3.566506,-1.3293811
322,10-12yo,5,4,8.026442,-1.5592276,2.964679
322,10-12yo,6,4,-0.3053387,5.9575086,0.16361177
327,10-12yo,1,1,2.5836048,-3.9619968,4.10414
327,10-12yo,2,1,-5.1977587,-3.3172226,-2.0503528
327,10-12yo,3,1,-2.4660716,-0.95852435,5.102107
327,10-12yo,4,1,-2.3356717,-4.751744,-4.4064007
327,10-12yo,5,1,-6.065417,-3.9821846,-2.6654272
327,10-12yo,6,1,2.4313154,6.394394,-1.7688411
327,10-12yo,1,2,6.9939895,1.8382237,-3.0291348
327,10-12yo,2,2,-2.6303093,5.796853,0.21156546
327,10-12yo,3,2,-5.2822666,-1.9505196,-3.5442116
327,10-12yo,4,2,0.39378938,6.138556,-2.8216155
327,10-12yo,5,2,-0.13531683,-1.9565934,5.139176
327,10-12yo,6,2,6.431753,-4.501479,0.42983717
327,10-12yo,1,3,-3.8437667,5.05648,2.3376796
327,10-12yo,2,3,7.320203,-0.10793399,-1.6197993
327,10-12yo,3,3,6.1328382,-3.844413,-0.8019163
327,10-12yo,4,3,-7.4362426,0.030339912,4.577395
327,10-12yo,5,3,-1.8614366,7.285436,-0.450672
327,10-12yo,6,3,-3.295241,1.2612029,3.956437
327,10-12yo,1,4,-5.733832,-2.9327066,-3.4126842
327,10-12yo,2,4,0.5078672,-2.3716981,3.4585862
327,10-12yo,3,4,1.6154997,6.753456,-0.7559779
327,10-12yo,4,4,9.378124,-1.4171505,2.6506197
327,10-12yo,5,4,8.062168,-1.3466576,-2.0230784
327,10-12yo,6,4,-5.567827,-3.154118,-2.6174335
314,10-12yo,1,1,7.010558,1.5279152,-1.1779537
314,10-12yo,2,1,-1.0948467,3.0546455,-1.0018724
314,10-12yo,3,1,6.786705,-2.8053515,0.52248746
314,10-12yo,4,1,3.220064,3.4590974,-2.219051
314,10-12yo,5,1,-2.5336044,5.662405,0.45784023
314,10-12yo,6,1,-5.6545143,-4.374767,-1.7425566
314,10-12yo,1,2,-4.426801,4.128937,0.66842747
314,10-12yo,2,2,-3.3719668,-2.2315025,-0.9322989
314,10-12yo,3,2,-5.3801703,-2.3419635,-1.817649
314,10-12yo,4,2,3.7010977,-3.1498644,2.1447644
314,10-12yo,5,2,2.2525253,-2.1334188,4.0530095
314,10-12yo,6,2,1.3070995,5.4719796,-2.6970813
314,10-12yo,1,3,-3.0780113,-2.9007835,-3.0695565
314,10-12yo,2,3,4.609061,-0.9044399,-0.83460104
314,10-12yo,3,3,-3.8962007,0.998482,2.5916214
314,10-12yo,4,3,-3.56161,2.5707026,2.6869464
314,10-12yo,5,3,-6.0098615,-3.3617744,-1.6590769
314,10-12yo,6,3,7.136485,-3.5211954,0.6099915
314,10-12yo,1,4,0.49425396,-2.756069,3.579082
314,10-12yo,2,4,-0.14224729,0.08129643,2.7687728
314,10-12yo,3,4,2.4896672,4.1488338,-1.2964592
314,10-12yo,4,4,-3.3595502,-2.8799353,-2.6126587
314,10-12yo,5,4,6.2909408,-0.16721141,-2.851774
314,10-12yo,6,4,-2.7890701,2.423982,3.8296452
336,10-12yo,1,1,5.745756,-3.8564217,1.971446
336,10-12yo,2,1,-1.0032806,-0.86553156,2.8034549
336,10-12yo,3,1,-7.5544543,-3.442015,0.114127725
336,10-12yo,4,1,-5.813195,0.94440484,-4.2212462
336,10-12yo,5,1,8.673915,-1.3495905,-1.1996613
336,10-12yo,6,1,-8.572026,-5.416516,-0.64021516
336,10-12yo,1,2,-4.2530704,2.217244,4.3701196
336,10-12yo,2,2,-4.8635793,-1.0188909,-1.630137
336,10-12yo,3,2,1.0832283,2.5938568,3.549052
336,10-12yo,4,2,-4.5710244,-1.7997344,4.5687594
336,10-12yo,5,2,-1.8148695,-2.0839813,5.1492963
336,10-12yo,6,2,10.837303,-1.8111992,-1.8803065
336,10-12yo,1,3,2.9036603,5.3143163,-2.8247576
336,10-12yo,2,3,5.1867456,-1.5766647,-0.95806754
336,10-12yo,3,3,-1.1552501,4.017518,-2.8416836
336,10-12yo,4,3,5.9252257,-4.467598,-1.4359702
336,10-12yo,5,3,-1.4683715,6.7392454,-0.39265725
336,10-12yo,6,3,2.08203,0.71843934,4.0201645
336,10-12yo,1,4,-4.3963466,-3.6751382,-3.516808
336,10-12yo,2,4,0.68011343,3.461086,-0.21525149
336,10-12yo,3,4,7.6264772,-3.1693583,-0.8214955
336,10-12yo,4,4,4.458995,5.3229284,1.088457
336,10-12yo,5,4,-5.3906717,-3.3056724,-3.5569768
336,10-12yo,6,4,-4.3473067,6.509276,-1.4996427
250,10-12yo,1,1,-2.9445434,5.287212,-0.6812247
250,10-12yo,2,1,-2.143881,-2.1730115,2.3201704
250,10-12yo,3,1,-2.3338475,-2.4945939,-1.4400866
250,10-12yo,4,1,-4.686102,-5.185461,-1.4259893
250,10-12yo,5,1,3.126384,-1.9873967,0.44821543
250,10-12yo,6,1,4.837861,-1.5097702,-0.10782159
250,10-12yo,1,2,0.97634715,-0.5234825,3.1753867
250,10-12yo,2,2,1.4140168,3.4198358,1.0979271
250,10-12yo,3,2,5.551884,-0.6807333,0.48662028
250,10-12yo,4,2,-4.4664783,5.5522504,-0.7528041
250,10-12yo,5,2,-1.4202399,1.242776,1.9506531
250,10-12yo,6,2,-4.1727586,-1.9972101,-0.36616024
250,10-12yo,1,3,-5.394621,-4.009737,-1.039228
250,10-12yo,2,3,5.3656793,-1.5272146,-1.2422134
250,10-12yo,3,3,-2.8148801,0.31616157,2.3544185
250,10-12yo,4,3,7.358861,0.2079591,-2.5071883
250,10-12yo,5,3,1.2813056,2.3901389,-1.3581
250,10-12yo,6,3,-0.14936595,2.1258862,-2.0793722
250,10-12yo,1,4,7.3628173,-0.7539901,-1.4549346
250,10-12yo,2,4,-4.6358147,0.28039038,-2.1758852
250,10-12yo,3,4,-0.40315688,2.8591657,-1.4009513
250,10-12yo,4,4,1.7937189,-0.57474905,4.6859813
250,10-12yo,5,4,-2.9874494,-1.6455191,-1.0407689
250,10-12yo,6,4,-0.5157371,1.3810947,2.553354
310,10-12yo,1,1,-3.6579463,6.9856386,0.73099643
310,10-12yo,2,1,-0.5281564,5.0484104,1.3811796
310,10-12yo,3,1,6.213091,-3.3363485,0.6697429
310,10-12yo,4,1,-4.9456415,1.6388552,-2.320924
310,10-12yo,5,1,4.5442533,-5.3147254,4.089371
310,10-12yo,6,1,10.759133,2.2898157,-1.2406765
310,10-12yo,1,2,8.496782,0.45923132,-2.8405743
310,10-12yo,2,2,5.735357,-0.87721497,-1.5023627
310,10-12yo,3,2,-4.34641,-0.40761608,3.5527442
310,10-12yo,4,2,4.9752417,-2.4312396,-1.843848
310,10-12yo,5,2,-7.1776114,5.919904,2.3488975
310,10-12yo,6,2,-3.8691008,-4.6091323,-4.6789002
310,10-12yo,1,3,1.3666308,-3.2418747,5.2694263
310,10-12yo,2,3,-3.9822776,-0.93861395,-3.4433422
310,10-12yo,3,3,-3.599931,-2.3378446,-3.487438
310,10-12yo,4,3,3.1050262,3.6356232,1.722874
310,10-12yo,5,3,7.539637,5.11598,-2.6765103
310,10-12yo,6,3,-6.6909003,6.4709296,0.55081266
310,10-12yo,1,4,-6.2054667,-4.202996,-3.1598473
310,10-12yo,2,4,-1.2249246,-3.2325816,3.5645263
310,10-12yo,3,4,1.7332493,6.081808,-0.7350502
310,10-12yo,4,4,-3.1346266,-2.8432379,2.4418979
310,10-12yo,5,4,-4.9062805,-5.721157,-3.7617588
310,10-12yo,6,4,-0.19913276,-4.1516113,5.3687634
308,10-12yo,1,1,-5.2040334,-3.7808504,-0.73776937
308,10-12yo,2,1,7.7010975,-1.7547995,-1.0245945
308,10-12yo,3,1,-0.13719513,5.676107,-1.3913205
308,10-12yo,4,1,0.7461425,1.6748943,4.4144783
308,10-12yo,5,1,-0.48784435,5.43852,-0.5395598
308,10-12yo,6,1,-6.759893,-0.44582725,-3.0012515
308,10-12yo,1,2,-3.899507,4.4842806,0.31927603
308,10-12yo,2,2,0.9838638,1.4975566,3.072478
308,10-12yo,3,2,-4.628887,-3.289399,-2.071122
308,10-12yo,4,2,6.8208485,-2.5786867,-1.3625492
308,10-12yo,5,2,-5.1629233,-2.5512812,-2.547586
308,10-12yo,6,2,7.55077,-4.381168,-0.6657561
308,10-12yo,1,3,3.8039787,-1.0288179,3.2176013
308,10-12yo,2,3,-6.419961,-3.0380895,-0.05514921
308,10-12yo,3,3,6.273787,-2.3190894,-0.58568853
308,10-12yo,4,3,-6.181712,-3.667543,-0.36946952
308,10-12yo,5,3,8.240265,-1.6616635,-0.5006614
308,10-12yo,6,3,3.7093563,6.308482,0.15119274
308,10-12yo,1,4,5.2995625,0.32538673,-2.7991073
308,10-12yo,2,4,-2.2650013,3.2953317,-1.992734
308,10-12yo,3,4,-1.5077055,-0.0676184,4.048133
308,10-12yo,4,4,-1.3852804,4.571335,-2.6824594
308,10-12yo,5,4,-2.5894997,-1.2255764,3.5878084
308,10-12yo,6,4,-4.500235,-1.4814869,3.5158136
331,10-12yo,1,1,4.6976223,1.5650125,-0.20544173
331,10-12yo,2,1,-3.5813885,-2.7803998,-3.1766047
331,10-12yo,3,1,7.087339,-1.2738627,-0.95557654
331,10-12yo,4,1,-1.3323505,-1.3128108,5.726125
331,10-12yo,5,1,-2.957264,-4.6205316,-4.3908415
331,10-12yo,6,1,2.0726562,5.3616138,1.9252932
331,10-12yo,1,2,-0.71207243,-2.5755093,-2.000837
331,10-12yo,2,2,-2.890386,-2.4130838,3.4474688
331,10-12yo,3,2,-4.596942,-0.72560984,-3.2467237
331,10-12yo,4,2,-6.6213536,-4.53049,-3.029116
331,10-12yo,5,2,-1.8255765,6.321889,-2.24774
331,10-12yo,6,2,7.063261,-2.395216,-2.0424643
331,10-12yo,1,3,-0.45191666,-1.8220576,2.3806627
331,10-12yo,2,3,10.129075,0.14954579,-0.17428608
331,10-12yo,3,3,-2.4847727,-2.3007722,3.2788963
331,10-12yo,4,3,9.264456,-2.2777796,-1.5094501
331,10-12yo,5,3,11.019451,-0.73792785,1.4090092
331,10-12yo,6,3,-6.248648,0.8209501,-3.2053173
331,10-12yo,1,4,-3.5336325,2.8325539,-0.1743835
331,10-12yo,2,4,-3.6573012,5.0439367,-0.09657902
331,10-12yo,3,4,-0.005624262,4.3002443,0.9234035
331,10-12yo,4,4,-1.3107511,8.121082,-1.1875584
331,10-12yo,5,4,-6.236612,-0.96342736,5.2295732
331,10-12yo,6,4,-2.8872678,-3.7873476,3.3224876
339,10-12yo,1,1,6.0737224,1.0704626,-2.0949938
339,10-12yo,2,1,16.385706,-2.7961721,-0.37516415
339,10-12yo,3,1,-5.6301503,-3.9595022,-4.309958
339,10-12yo,4,1,-4.995358,-1.8846928,-3.338614
339,10-12yo,5,1,1.7257627,6.674372,-1.3986479
339,10-12yo,6,1,-11.586874,2.5547357,4.461337
339,10-12yo,1,2,1.8272638,-1.2821302,3.7573895
339,10-12yo,2,2,-5.504399,0.123128094,4.817117
339,10-12yo,3,2,-4.9312296,6.3980103,2.406502
339,10-12yo,4,2,-1.7485846,6.1562896,1.4028981
339,10-12yo,5,2,7.298619,-3.5656269,0.66453993
339,10-12yo,6,2,4.8461843,6.91269,-3.1674647
339,10-12yo,1,3,-3.5471363,-4.013007,-1.7096025
339,10-12yo,2,3,-13.210617,-2.5912998,-2.7676685
339,10-12yo,3,3,2.4095833,-5.073953,4.8614116
339,10-12yo,4,3,-0.51938003,-4.160002,3.6342425
339,10-12yo,5,3,-4.38446,0.31877583,3.795954
339,10-12yo,6,3,18.491812,-3.8075547,1.7140735
339,10-12yo,1,4,-4.3538485,4.2246737,0.04720576
339,10-12yo,2,4,2.3293185,5.2643423,-1.6742836
339,10-12yo,3,4,8.151793,2.6354425,-2.9579582
339,10-12yo,4,4,7.2633214,-0.111595206,-1.6985261
339,10-12yo,5,4,-4.6399207,-3.427521,-3.0618455
339,10-12yo,6,4,-11.751122,-5.65987,-3.007946
320,10-12yo,1,1,0.95878893,6.224901,0.13743785
320,10-12yo,2,1,4.6066394,1.385603,-2.8263695
320,10-12yo,3,1,-4.281996,-5.261673,-1.611199
320,10-12yo,4,1,7.17426,-1.8360453,-2.117085
320,10-12yo,5,1,-3.1931043,3.0285683,-0.57791543
320,10-12yo,6,1,5.21628,-2.2543488,-0.37110853
320,10-12yo,1,2,-1.9064449,-2.1843984,3.2946925
320,10-12yo,2,2,-4.4874415,-2.7775247,-1.8188502
320,10-12yo,3,2,-4.032932,5.9791307,0.18227829
320,10-12yo,4,2,1.4639673,0.6781079,4.47425
320,10-12yo,5,2,2.3982444,0.049699917,3.1018796
320,10-12yo,6,2,-2.665912,-1.6090595,2.9199643
320,10-12yo,1,3,-6.8703585,-1.46074,-2.245437
320,10-12yo,2,3,-3.3804235,3.5211635,1.5494667
320,10-12yo,3,3,2.4105237,-1.6655215,4.179003
320,10-12yo,4,3,-5.863382,-4.9837947,-0.6791566
320,10-12yo,5,3,-4.0177646,-2.7593234,-0.32416305
320,10-12yo,6,3,-3.4116611,-0.96939427,-2.7885826
320,10-12yo,1,4,7.818011,-2.5797615,-1.186693
320,10-12yo,2,4,3.2612233,-2.1292405,3.0957515
320,10-12yo,3,4,5.9044056,0.9480633,-2.7500834
320,10-12yo,4,4,-2.7748446,6.1417317,-1.678007
320,10-12yo,5,4,4.812624,-0.31894693,-2.1998026
320,10-12yo,6,4,0.8612923,4.8328032,0.2397268
246,10-12yo,1,1,5.4492283,1.884257,2.1076295
246,10-12yo,2,1,13.072521,-3.3799508,1.0606078
246,10-12yo,3,1,8.82416,-3.0345538,0.3040174
246,10-12yo,4,1,-4.0912213,-3.6466782,-3.6999326
246,10-12yo,5,1,-1.2233992,5.2245007,-2.3867893
246,10-12yo,6,1,-1.2958189,0.7358848,5.0585117
246,10-12yo,1,2,-2.9996524,4.8412247,-2.1522765
246,10-12yo,2,2,1.7417893,6.809588,-3.3694067
246,10-12yo,3,2,0.060546782,7.2658005,-3.515291
246,10-12yo,4,2,-2.935495,5.7220263,-0.43486592
246,10-12yo,5,2,-3.1214921,0.042288065,5.035046
246,10-12yo,6,2,7.2297177,-1.5199025,-0.7362451
246,10-12yo,1,3,-3.5482273,-2.5055978,3.8714359
246,10-12yo,2,3,-6.3906302,1.6888057,5.63319
246,10-12yo,3,3,-5.5987544,-5.376073,-3.494552
246,10-12yo,4,3,-1.0832379,-2.0350509,5.4330215
246,10-12yo,5,3,7.788586,-1.0339458,0.32736525
246,10-12yo,6,3,-4.4314756,-4.4792504,-1.8381019
246,10-12yo,1,4,1.0986524,-4.2198844,-3.8267875
246,10-12yo,2,4,-8.423681,-5.1184435,-3.3243923
246,10-12yo,3,4,-3.2859504,1.1448249,6.705822
246,10-12yo,4,4,8.109953,-0.040299095,-1.2982237
246,10-12yo,5,4,-3.4436965,-4.2328424,-2.9756215
246,10-12yo,6,4,-1.5024215,5.2632685,-2.484164
208,10-12yo,1,1,-28.556438,-37.784416,-17.777864
208,10-12yo,2,1,-6.0126495,-3.9797504,-2.5255039
208,10-12yo,3,1,10.2245455,-4.6852655,-2.280654
208,10-12yo,4,1,4.5591874,2.0388248,-2.6216044
208,10-12yo,5,1,1.5353925,-0.7970386,4.7740693
208,10-12yo,6,1,7.427474,-2.9656134,0.12485755
208,10-12yo,1,2,100.17193,0.38724366,2.1853461
208,10-12yo,2,2,3.0379932,4.188841,-3.3091135
208,10-12yo,3,2,2.3682408,9.711832,0.9819034
208,10-12yo,4,2,-4.32638,3.5300658,1.5590318
208,10-12yo,5,2,-3.5912697,5.9268203,-0.73207384
208,10-12yo,6,2,2.8735206,4.639354,-0.29903758
208,10-12yo,1,3,-31.413198,43.880962,-11.34671
208,10-12yo,2,3,-6.047269,2.3072305,3.8337398
208,10-12yo,3,3,-8.70493,-1.1131641,-5.4063206
208,10-12yo,4,3,4.1154227,-2.154837,2.7550354
208,10-12yo,5,3,-4.994025,-4.871585,-1.5390763
208,10-12yo,6,3,-5.278424,-1.13058,-3.1531613
208,10-12yo,1,4,-40.202316,-6.483783,26.939224
208,10-12yo,2,4,9.021925,-2.5163212,2.0008757
208,10-12yo,3,4,-3.887859,-3.9134033,6.7050724
208,10-12yo,4,4,-4.3482294,-3.4140527,-1.6924622
208,10-12yo,5,4,7.0499034,-0.25819495,-2.5029178
208,10-12yo,6,4,-5.022571,-0.54316026,3.3273413
249,10-12yo,1,1,-0.1815124,6.707531,-0.25955516
249,10-12yo,2,1,-0.8328469,-2.1796172,3.0115964
249,10-12yo,3,1,5.6022005,-4.453457,0.75551724
249,10-12yo,4,1,7.1634717,0.42431504,0.16035417
249,10-12yo,5,1,-3.4113405,4.0496464,-0.67683667
249,10-12yo,6,1,-4.669057,-3.778649,-4.733661
249,10-12yo,1,2,-2.6729918,-1.8928833,3.6934073
249,10-12yo,2,2,-2.440389,4.75511,0.19562344
249,10-12yo,3,2,-4.4796305,-2.1208837,-3.2999961
249,10-12yo,4,2,-2.4769726,-2.038335,2.7856307
249,10-12yo,5,2,-2.7066061,-1.8881737,2.8425503
249,10-12yo,6,2,-4.070171,-2.6589048,5.416668
249,10-12yo,1,3,-5.4931955,-2.626207,-2.7808964
249,10-12yo,2,3,7.8286705,-0.1569319,-0.9386779
249,10-12yo,3,3,-4.306484,0.73210484,3.6201978
249,10-12yo,4,3,-2.9005039,4.6709685,-0.4394089
249,10-12yo,5,3,7.05221,0.8370147,0.42088673
249,10-12yo,6,3,12.398416,-0.30569157,-0.15906449
249,10-12yo,1,4,8.347698,-2.1884396,-0.65295523
249,10-12yo,2,4,-4.5554338,-2.4185612,-2.2685423
249,10-12yo,3,4,3.1839142,5.842237,-1.0757194
249,10-12yo,4,4,-1.7859944,-3.056949,-2.5065768
249,10-12yo,5,4,-0.93426216,-2.998488,-2.5866005
249,10-12yo,6,4,-3.6591864,6.743245,-0.5239416
313,10-12yo,1,1,-0.17919125,6.912316,0.010275441
313,10-12yo,2,1,-1.6856248,6.6705747,-0.80161333
313,10-12yo,3,1,-0.92850465,6.896377,-0.4867829
313,10-12yo,4,1,1.498575,-2.658941,3.8376381
313,10-12yo,5,1,-3.0833483,5.9713426,-1.3217009
313,10-12yo,6,1,4.196397,-2.2640307,1.992886
313,10-12yo,1,2,-1.2544249,-2.3364666,4.6497493
313,10-12yo,2,2,8.699401,-1.3156008,-0.5821467
313,10-12yo,3,2,-3.6272051,-3.1436434,-4.397126
313,10-12yo,4,2,7.636808,1.3095008,-1.9119024
313,10-12yo,5,2,-1.5705937,-4.807652,-3.0665243
313,10-12yo,6,2,-3.1489418,1.8286716,3.4470785
313,10-12yo,1,3,-6.7347646,-2.3944595,-2.9456499
313,10-12yo,2,3,-4.9284334,-4.0526543,-2.320973
313,10-12yo,3,3,-3.8471143,-2.1660714,4.6889925
313,10-12yo,4,3,-4.5508485,5.06932,0.63079613
313,10-12yo,5,3,-3.1647813,-1.817218,3.9333405
313,10-12yo,6,3,1.6106318,3.8457386,-2.803697
313,10-12yo,1,4,8.168381,-2.1813893,-1.7143736
313,10-12yo,2,4,-2.0853446,-1.3023205,3.7047338
313,10-12yo,3,4,8.4028225,-1.5866618,0.19491552
313,10-12yo,4,4,-4.584536,-3.7198799,-2.5565317
313,10-12yo,5,4,7.8187275,0.6535273,0.45488608
313,10-12yo,6,4,-2.6580877,-3.410379,-2.636267
315,10-12yo,1,1,8.341981,-2.721496,-3.0706775
315,10-12yo,2,1,8.541742,-2.6595967,0.7224697
315,10-12yo,3,1,7.6781683,-2.373487,-1.988032
315,10-12yo,4,1,-6.6721897,-3.925293,-0.57834494
315,10-12yo,5,1,3.283809,-1.3390523,3.6006427
315,10-12yo,6,1,-5.0062,3.4073174,3.267256
315,10-12yo,1,2,-8.122616,-4.4284825,1.1852249
315,10-12yo,2,2,0.7243886,6.6022787,-1.5707412
315,10-12yo,3,2,-2.0133846,5.865827,-2.356351
315,10-12yo,4,2,-2.58223,5.6785207,-1.1791627
315,10-12yo,5,2,-4.287729,-4.0240173,-1.3642625
315,10-12yo,6,2,-6.6710978,-3.4767919,-2.4287815
315,10-12yo,1,3,4.6303377,2.2581189,4.6821046
315,10-12yo,2,3,-4.7475386,-0.5224067,5.2429137
315,10-12yo,3,3,0.8789326,0.967489,5.2472663
315,10-12yo,4,3,2.5529687,-0.053544603,4.503225
315,10-12yo,5,3,5.4159894,1.0994574,-2.802229
315,10-12yo,6,3,6.7578535,-3.5237448,2.3274128
315,10-12yo,1,4,-4.8497005,4.891861,-2.796652
315,10-12yo,2,4,-4.5185947,-3.420275,-4.394643
315,10-12yo,3,4,-6.5437145,-4.4598284,-0.90288323
315,10-12yo,4,4,6.7014494,-1.6996831,-2.7457173
315,10-12yo,5,4,-4.412069,4.2636123,0.56584954
315,10-12yo,6,4,4.9194436,3.59322,-3.1658897
333,10-12yo,1,1,1.3083144,3.183037,-2.353293
333,10-12yo,2,1,-3.2704597,4.918988,0.46904778
333,10-12yo,3,1,-0.19576187,7.314588,-0.89092195
333,10-12yo,4,1,2.0932016,6.3073626,-0.8552311
333,10-12yo,5,1,-1.3172854,-2.502755,4.919026
333,10-12yo,6,1,-6.2397294,-0.8166039,6.553957
333,10-12yo,1,2,-6.2178597,-2.78094,-0.9051354
333,10-12yo,2,2,-2.82398,-3.014315,-2.4617708
333,10-12yo,3,2,-3.2127717,-1.3548107,4.835847
333,10-12yo,4,2,-5.6119723,-2.0720222,-3.927675
333,10-12yo,5,2,-4.743874,-2.2211192,-3.8024304
333,10-12yo,6,2,10.985289,0.2593805,1.9322166
333,10-12yo,1,3,-1.9246209,2.1359015,2.8334744
333,10-12yo,2,3,6.18035,1.182739,-0.83730793
333,10-12yo,3,3,9.505656,-2.516108,-0.5569916
333,10-12yo,4,3,-4.0485735,-0.6215249,4.8593435
333,10-12yo,5,3,7.2369056,-0.98416954,-1.5299953
333,10-12yo,6,3,-1.909912,-6.8752503,-4.7473717
333,10-12yo,1,4,6.834168,-2.5379992,0.42495427
333,10-12yo,2,4,-0.085911885,-3.0874135,2.830031
333,10-12yo,3,4,-6.0971212,-3.4436705,-3.387935
333,10-12yo,4,4,7.567344,-3.6138158,-0.07643728
333,10-12yo,5,4,-1.175746,5.708045,0.41339988
333,10-12yo,6,4,-2.835647,7.4324775,-3.7388017
201,Adults,1,1,4.3828106,-0.25341615,-2.2160404
201,Adults,2,1,2.2144873,0.49664152,3.562967
201,Adults,3,1,-6.0962605,-3.5486498,-2.3947372
201,Adults,4,1,-1.1540465,-0.6261749,4.277436
201,Adults,5,1,0.98362356,3.2684495,-2.9066024
201,Adults,6,1,0.29908893,1.0918908,3.2226162
201,Adults,1,2,-3.9420168,3.482287,-0.25090483
201,Adults,2,2,4.7193413,-0.8492809,-2.3816307
201,Adults,3,2,8.331641,-0.029010702,-2.0213737
201,Adults,4,2,-1.3407516,4.6855063,-1.166669
201,Adults,5,2,-1.3909484,1.9482986,3.7287436
201,Adults,6,2,-5.4322286,-3.3512275,-0.5525027
201,Adults,1,3,3.6834826,0.19482516,2.4203856
201,Adults,2,3,-4.1226025,-2.9736588,-0.021791754
201,Adults,3,3,0.82997954,-2.676269,4.0508356
201,Adults,4,3,5.834145,-0.8716484,-0.7647891
201,Adults,5,3,5.221487,-2.552821,0.40730533
201,Adults,6,3,-1.2965991,4.27863,-1.7088252
201,Adults,1,4,-4.1242776,-3.4236965,0.04656093
201,Adults,2,4,-2.8112252,3.326298,-1.1595447
201,Adults,3,4,-3.0653596,6.253929,0.3652741
201,Adults,4,4,-3.3393488,-3.1876826,-2.3459773
201,Adults,5,4,-4.8141613,-2.6639283,-1.2294463
201,Adults,6,4,6.4297395,-2.0192943,-0.9612879
266,Adults,1,1,5.113475,-0.74344295,-2.3180854
266,Adults,2,1,-2.734047,0.03491871,4.029362
266,Adults,3,1,0.85453796,5.973288,-1.4613787
266,Adults,4,1,-6.38837,-1.8895859,-3.3352787
266,Adults,5,1,-0.536592,-1.8447224,1.7997082
266,Adults,6,1,-2.2664604,1.4001048,2.4843476
266,Adults,1,2,-2.4131234,5.0020595,-0.79949445
266,Adults,2,2,6.2718344,-2.4710696,0.08782917
266,Adults,3,2,6.238983,-3.1629617,-0.34827772
266,Adults,4,2,-3.2228203,-2.2878442,4.164523
266,Adults,5,2,-0.3091068,2.8456936,0.71900856
266,Adults,6,2,1.4240023,2.4868658,-1.917269
266,Adults,1,3,-4.1829453,-3.9159493,-0.9358485
266,Adults,2,3,-4.263062,-2.7718108,-2.6966321
266,Adults,3,3,-5.0484715,-2.9572933,-2.37148
266,Adults,4,3,0.86268,7.100201,0.07999552
266,Adults,5,3,-4.7260833,-0.53088236,-1.4781414
266,Adults,6,3,-4.973477,-2.0611258,-1.0805932
266,Adults,1,4,1.4825937,-0.34266776,4.053428
266,Adults,2,4,0.7252755,5.207963,-1.4205595
266,Adults,3,4,-2.045051,0.14696644,4.181137
266,Adults,4,4,8.74851,-2.9227705,-0.90923977
266,Adults,5,4,5.5717826,-0.47008878,-1.0405754
266,Adults,6,4,5.8159328,-1.8258439,0.51351404
238,Adults,1,1,-2.2376206,6.1462283,0.20777781
238,Adults,2,1,-0.0337045,-0.27066907,6.2991004
238,Adults,3,1,-3.1382747,2.852617,5.7815657
238,Adults,4,1,-1.480466,5.9974504,-2.1616614
238,Adults,5,1,-2.6034412,-4.2070274,-4.117162
238,Adults,6,1,-3.7277458,-4.571444,-3.7073088
238,Adults,1,2,6.910555,-0.68786424,-2.4155526
238,Adults,2,2,8.859425,-2.5154264,-2.1411407
238,Adults,3,2,9.818345,-4.9507585,0.31201905
238,Adults,4,2,8.222788,-1.6519296,-1.1666965
238,Adults,5,2,0.48837575,-3.9016044,4.4679337
238,Adults,6,2,0.84569305,-2.502157,5.8922644
238,Adults,1,3,2.2238338,-2.0983946,3.5506704
238,Adults,2,3,-1.8012617,8.011737,-1.9194835
238,Adults,3,3,1.1203562,8.287051,-3.6377895
238,Adults,4,3,-1.4304358,-0.15984137,6.202087
238,Adults,5,3,9.543194,3.0159495,-0.913683
238,Adults,6,3,7.4072123,1.4317403,-2.4044023
238,Adults,1,4,-6.896767,-3.3599691,-1.342895
238,Adults,2,4,-7.024459,-5.225645,-2.238477
238,Adults,3,4,-7.8004236,-6.188908,-2.4557955
238,Adults,4,4,-5.311885,-4.185679,-2.8737297
238,Adults,5,4,-7.4281297,5.09268,0.56291157
238,Adults,6,4,-4.5251594,5.6418614,0.21944782
258,Adults,1,1,-6.0053196,-3.0671103,-3.55535
258,Adults,2,1,8.588866,1.950068,1.4283054
258,Adults,3,1,-4.735048,-3.5375857,-5.479126
258,Adults,4,1,-6.560312,-1.493966,3.414541
258,Adults,5,1,26.4609,0.6862117,0.80380607
258,Adults,6,1,17.960243,0.99626577,-3.1790767
258,Adults,1,2,9.716324,-3.8276708,0.19974434
258,Adults,2,2,-5.306441,4.049666,-1.6112496
258,Adults,3,2,-1.5030007,-3.7333019,6.544724
258,Adults,4,2,0.71876,-5.9976745,-3.3021998
258,Adults,5,2,-11.322065,-1.0437564,6.9596934
258,Adults,6,2,-1.2853814,-6.8858714,10.15406
258,Adults,1,3,1.6668814,7.928049,-0.7446294
258,Adults,2,3,-5.1362147,-2.269339,3.0267024
258,Adults,3,3,-2.560601,7.6004834,0.5925959
258,Adults,4,3,-1.9834547,6.5364113,-2.6153963
258,Adults,5,3,-6.126783,-9.272301,-4.3103004
258,Adults,6,3,-9.534248,-6.396631,-8.49886
258,Adults,1,4,-5.377886,-1.0332663,4.100233
258,Adults,2,4,1.8537904,-3.7303963,-2.8437572
258,Adults,3,4,8.798651,-0.3295964,-1.6581907
258,Adults,4,4,7.8250055,0.9552304,2.503055
258,Adults,5,4,-9.012049,9.629845,-3.453199
258,Adults,6,4,-7.140614,12.28623,1.5238754
231,Adults,1,1,2.4629657,-4.055124,-2.4687488
231,Adults,2,1,-2.2572165,-1.9852532,3.3547757
231,Adults,3,1,-1.4887786,4.4039283,-0.94323343
231,Adults,4,1,-1.046318,4.661788,-2.071522
231,Adults,5,1,6.016901,1.6849418,-1.1394451
231,Adults,6,1,6.4646807,-0.77891,0.2591646
231,Adults,1,2,-4.7783556,-2.3486097,2.558744
231,Adults,2,2,0.47810203,5.3167486,0.23891008
231,Adults,3,2,-1.3512928,-2.9737546,-2.5656505
231,Adults,4,2,-5.79876,-3.479852,-0.3936598
231,Adults,5,2,0.5967993,-2.424676,3.1659374
231,Adults,6,2,-1.0410094,4.314446,-1.3801612
231,Adults,1,3,-3.4725816,4.135767,-2.0331316
231,Adults,2,3,6.911847,-2.0027895,-0.9122116
231,Adults,3,3,-3.4060183,-1.1884507,2.7753534
231,Adults,4,3,6.1508226,-2.6537824,-1.1292222
231,Adults,5,3,-4.030437,4.6851006,0.18550704
231,Adults,6,3,-2.6953812,-3.6218536,-1.634159
231,Adults,1,4,5.787971,2.2679663,1.9431361
231,Adults,2,4,-5.132733,-1.3287047,-2.6814747
231,Adults,3,4,6.246091,-0.24172275,0.7335297
231,Adults,4,4,0.6942561,1.4718463,3.5944033
231,Adults,5,4,-2.5832622,-3.9453669,-2.2119997
231,Adults,6,4,-2.728289,0.086316176,2.7551548
304,Adults,1,1,11.583949,2.070215,-0.67497844
304,Adults,2,1,-4.6000676,-1.8514538,3.4650967
304,Adults,3,1,8.560484,0.26456842,-0.6104443
304,Adults,4,1,-6.5236845,-2.0904968,-1.8886046
304,Adults,5,1,-1.3585732,0.867007,3.228714
304,Adults,6,1,0.55403364,4.088314,-2.1597428
304,Adults,1,2,-1.4367883,-3.1399798,4.6712008
304,Adults,2,2,9.483084,-1.178985,0.401346
304,Adults,3,2,-3.4306002,5.8624167,-0.7965521
304,Adults,4,2,1.8097435,-3.5088835,2.341914
304,Adults,5,2,-1.4900603,5.078142,-1.6468335
304,Adults,6,2,6.0788593,-2.4442618,0.27928796
304,Adults,1,3,-6.981388,6.579841,-0.49253052
304,Adults,2,3,-1.4103886,6.394598,-0.626994
304,Adults,3,3,-3.4083586,-4.3270564,-2.9138725
304,Adults,4,3,7.709275,0.8860162,-1.67374
304,Adults,5,3,7.891515,-1.6418278,-0.46733338
304,Adults,6,3,-1.9556454,1.8017406,3.0475292
304,Adults,1,4,-3.1657755,-5.5100765,-3.5036902
304,Adults,2,4,-3.472625,-3.3641593,-3.2394476
304,Adults,3,4,-1.7215229,-1.7999278,4.3208694
304,Adults,4,4,-2.9953346,4.713364,1.2204324
304,Adults,5,4,-5.0428805,-4.303322,-1.1145477
304,Adults,6,4,-4.677247,-3.4457939,-1.1670755
259,Adults,1,1,-5.3911448,-4.965796,-6.068133
259,Adults,2,1,-2.4165485,5.62959,-1.3390174
259,Adults,3,1,-8.464899,-3.8912578,-1.8844061
259,Adults,4,1,1.2665495,0.87633973,7.4416113
259,Adults,5,1,-3.1194415,3.1146295,-1.9776955
259,Adults,6,1,8.155152,-4.2966237,0.002277505
259,Adults,1,2,3.82161,8.396527,-3.304578
259,Adults,2,2,-6.2560763,-3.9000607,-2.4077735
259,Adults,3,2,0.16936842,0.20312217,6.1513658
259,Adults,4,2,-6.9720235,-5.8997655,-1.3287625
259,Adults,5,2,-4.268311,-3.0534751,1.0787146
259,Adults,6,2,-2.2729034,2.1238112,6.232045
259,Adults,1,3,8.28715,-5.458659,2.8575528
259,Adults,2,3,10.74051,-1.1220256,-0.8237629
259,Adults,3,3,-0.73592514,6.7861347,-2.205678
259,Adults,4,3,8.822502,-2.2266426,-3.161202
259,Adults,5,3,2.8013997,1.7013361,3.1866689
259,Adults,6,3,-6.8162627,-4.882072,-2.5765803
259,Adults,1,4,-6.7176166,2.0279286,6.515158
259,Adults,2,4,-2.0678847,-0.60750246,4.5705547
259,Adults,3,4,9.031455,-3.0979977,-2.0612824
259,Adults,4,4,-3.1170285,7.250067,-2.9516459
259,Adults,5,4,4.586353,-1.76249,-2.2876885
259,Adults,6,4,0.93401384,7.054882,-3.6577425
261,Adults,1,1,6.557323,-3.4306777,-0.5125188
261,Adults,2,1,-4.004283,-3.6474605,-1.0749903
261,Adults,3,1,11.545105,1.7576731,0.23721568
261,Adults,4,1,8.051398,-2.620173,-1.2923378
261,Adults,5,1,10.144451,-2.3535156,-1.333427
261,Adults,6,1,-5.880834,0.61538196,-3.5336487
261,Adults,1,2,2.2681777,5.242387,-0.9350439
261,Adults,2,2,-1.5684347,4.796915,-1.2511014
261,Adults,3,2,-3.4108238,-2.3885775,4.38443
261,Adults,4,2,0.48167622,7.502959,0.8414914
261,Adults,5,2,-3.075635,-5.048422,3.7028608
261,Adults,6,2,-2.8498666,-4.564231,3.5567548
261,Adults,1,3,-2.5478096,-0.20589602,3.9060078
261,Adults,2,3,5.4762025,-1.295775,-1.206638
261,Adults,3,3,-6.786439,5.0728507,-1.1007588
261,Adults,4,3,-2.7424364,-3.5405753,4.1370277
261,Adults,5,3,-0.108999245,8.738251,1.2297372
261,Adults,6,3,7.123342,-2.8527467,-1.9230262
261,Adults,1,4,-6.2776923,-1.6058143,-2.458445
261,Adults,2,4,0.09651471,0.14632091,3.5327291
261,Adults,3,4,-1.3478441,-4.4419475,-3.5208857
261,Adults,4,4,-5.790638,-1.3422117,-3.686181
261,Adults,5,4,-6.9598207,-1.3363131,-3.59917
261,Adults,6,4,1.6073577,6.8015957,1.8999197
284,Adults,1,1,8.00697,-1.1480154,1.0900892
284,Adults,2,1,2.0122185,7.3528466,-2.035187
284,Adults,3,1,-3.6767907,-3.0787642,3.948534
284,Adults,4,1,-7.4227386,-3.035409,-2.4498384
284,Adults,5,1,-4.2972474,-3.731339,-1.8315893
284,Adults,6,1,-7.643172,-4.621014,0.73449296
284,Adults,1,2,-0.5723798,4.8891535,-3.3175206
284,Adults,2,2,-2.9007564,0.64130616,5.430763
284,Adults,3,2,1.3964936,-4.3923635,-3.7013273
284,Adults,4,2,-0.70799977,5.826928,-1.2659575
284,Adults,5,2,-0.061697528,-1.4502184,3.339061
284,Adults,6,2,-1.9293509,4.860791,-3.497645
284,Adults,1,3,-4.0396867,1.101476,4.753949
284,Adults,2,3,7.3672533,-4.674796,-0.15530856
284,Adults,3,3,-5.4219646,4.779762,-1.6451149
284,Adults,4,3,-0.78533846,-0.6683373,5.381806
284,Adults,5,3,7.7805357,0.14329538,-1.144669
284,Adults,6,3,1.8556547,4.1101904,3.8314946
284,Adults,1,4,-3.3949003,-4.842614,-2.5265179
284,Adults,2,4,-6.478712,-3.3193557,-3.2402682
284,Adults,3,4,7.7022624,2.6913688,1.3979086
284,Adults,4,4,8.916079,-2.1231813,-1.6660091
284,Adults,5,4,-3.4215925,5.038262,-0.3628007
284,Adults,6,4,7.716869,-4.349967,-1.0683429
305,Adults,1,1,-5.1803017,-1.6453198,-2.9331174
305,Adults,2,1,-0.9892611,5.058809,-1.3903189
305,Adults,3,1,-3.1163473,-3.6017036,4.1841025
305,Adults,4,1,-2.6003394,5.376039,0.31472152
305,Adults,5,1,-2.7434742,3.903547,-2.3102565
305,Adults,6,1,1.771776,0.9416549,4.6074758
305,Adults,1,2,-3.7998285,0.9661762,3.5650775
305,Adults,2,2,-1.606341,-0.36174646,4.2782187
305,Adults,3,2,-10.320117,-1.2695038,-3.512128
305,Adults,4,2,6.1766915,-0.06400627,-2.2602305
305,Adults,5,2,2.6939695,2.5716436,3.042472
305,Adults,6,2,-3.7992754,4.689306,-1.8328326
305,Adults,1,3,5.253925,-4.832416,0.46281418
305,Adults,2,3,-3.901573,-3.360119,-2.3329802
305,Adults,3,3,13.3162775,-1.8877592,-1.7524666
305,Adults,4,3,-5.443948,-3.3229117,-1.5243979
305,Adults,5,3,4.9558196,-2.8379214,-1.8380344
305,Adults,6,3,-5.137959,-4.5918937,-0.3864582
305,Adults,1,4,3.726205,5.5115595,-1.0947716
305,Adults,2,4,6.4971757,-1.3369435,-0.55491906
305,Adults,3,4,0.12018772,6.7589655,1.0804915
305,Adults,4,4,1.8675959,-1.9891206,3.469907
305,Adults,5,4,-4.906315,-3.637268,1.105818
305,Adults,6,4,7.1654572,-1.0390666,-2.388186
312,Adults,1,1,-4.477098,-5.592292,-2.4686508
312,Adults,2,1,-2.4922988,9.060508,-1.1986479
312,Adults,3,1,7.23568,-3.2565615,1.4286317
312,Adults,4,1,-5.256828,-1.4044343,4.3624024
312,Adults,5,1,-5.150889,-4.6035914,-2.6985152
312,Adults,6,1,1.9892478,5.25536,-2.7425036
312,Adults,1,2,1.6549597,-1.7067795,5.111703
312,Adults,2,2,12.637264,-1.9665276,-1.3823234
312,Adults,3,2,-5.3756747,1.1187282,3.5564024
312,Adults,4,2,0.55089504,7.797573,-0.8101947
312,Adults,5,2,8.229053,0.19536908,-2.2743068
312,Adults,6,2,-4.953988,-4.129366,-2.2043269
312,Adults,1,3,8.907809,1.4811226,-2.374152
312,Adults,2,3,-2.0516167,-1.6520123,5.8542957
312,Adults,3,3,2.3712988,5.84969,-1.8647561
312,Adults,4,3,-4.647489,-3.4368608,-4.0428824
312,Adults,5,3,-3.7835815,6.3332443,-0.29131272
312,Adults,6,3,6.2900367,-3.6041708,1.1424453
312,Adults,1,4,-6.0856733,5.817948,-0.26890174
312,Adults,2,4,-8.093347,-5.441972,-3.2733266
312,Adults,3,4,-4.231302,-3.7118578,-3.120277
312,Adults,4,4,9.353421,-2.9562764,0.49067485
312,Adults,5,4,0.7054198,-1.9250221,5.2641354
312,Adults,6,4,-3.3252976,2.478178,3.8043835
224,Adults,1,1,-6.86331,-4.311741,0.33352542
224,Adults,2,1,-3.2085888,-0.9752322,4.039227
224,Adults,3,1,-7.412817,-6.46041,-1.141917
224,Adults,4,1,5.3036575,-1.0065378,-0.94692254
224,Adults,5,1,5.1911316,5.8512635,-3.7724857
224,Adults,6,1,14.62216,-5.9986143,2.3566365
224,Adults,1,2,-2.5280542,4.3528013,-4.0348253
224,Adults,2,2,-2.7345827,4.1522226,-2.0937414
224,Adults,3,2,2.8374202,-0.8504196,5.6962805
224,Adults,4,2,-1.652799,3.384596,-1.7980095
224,Adults,5,2,-9.118521,3.468037,3.9322207
224,Adults,6,2,8.844106,8.607583,-2.4653444
224,Adults,1,3,8.187711,-2.6545148,-1.7706428
224,Adults,2,3,6.442652,0.956282,0.9021691
224,Adults,3,3,7.8829594,-1.9030222,-3.546876
224,Adults,4,3,-0.16060705,0.7905854,3.4931376
224,Adults,5,3,-6.4531713,-5.820946,-3.391859
224,Adults,6,3,-13.479391,4.1429067,3.3127046
224,Adults,1,4,1.2036566,2.6134546,5.4719424
224,Adults,2,4,-0.4994797,-4.1332736,-2.8476555
224,Adults,3,4,-3.307564,9.213851,-1.0074849
224,Adults,4,4,-3.4902515,-3.1686435,-0.74820584
224,Adults,5,4,10.38056,-3.4983532,3.2321231
224,Adults,6,4,-9.9868765,-6.751878,-3.203995
291,Adults,1,1,-4.119767,-2.7580972,-3.8526046
291,Adults,2,1,-7.271067,-10.005422,-3.793446
291,Adults,3,1,-4.2061234,-7.312651,-4.1325336
291,Adults,4,1,-2.5941186,1.9317372,4.8071623
291,Adults,5,1,4.6689663,13.311211,-3.7792175
291,Adults,6,1,-8.666529,5.6153636,2.01592
291,Adults,1,2,7.381022,1.0199816,-1.7213207
291,Adults,2,2,34.99687,0.8050803,0.8618839
291,Adults,3,2,-5.7130466,9.397735,-1.1527433
291,Adults,4,2,24.454712,-5.9105144,-1.0014648
291,Adults,5,2,-10.817582,2.7644382,7.0861645
291,Adults,6,2,2.427739,-4.655924,4.309358
291,Adults,1,3,0.23135671,-3.4427416,4.377276
291,Adults,2,3,-11.77322,10.969074,-2.6271203
291,Adults,3,3,12.715944,1.1023371,-0.5921526
291,Adults,4,3,-18.586493,-10.617411,-1.6000572
291,Adults,5,3,17.802547,-7.4547086,1.893006
291,Adults,6,3,-9.023003,-3.07237,-4.2637424
291,Adults,1,4,-3.492611,5.18086,1.1966506
291,Adults,2,4,-15.9525795,-1.768734,5.5586824
291,Adults,3,4,-2.7967749,-3.1874201,5.877429
291,Adults,4,4,-3.2740939,14.596183,-2.2056344
291,Adults,5,4,-11.653924,-8.62094,-5.199954
291,Adults,6,4,15.261788,2.1129289,-2.061536
223,Adults,1,1,-7.7739625,-1.0636624,5.2962184
223,Adults,2,1,-1.5134,-3.8211265,-3.7287645
223,Adults,3,1,-3.8261487,6.7260094,-0.70617133
223,Adults,4,1,-6.1125073,-2.0164063,-3.2647846
223,Adults,5,1,-5.2265034,0.0142810345,-3.3793223
223,Adults,6,1,-3.0357418,-5.6791534,-3.4653854
223,Adults,1,2,13.725356,-0.61468124,1.4584142
223,Adults,2,2,8.758954,-0.19080304,1.4748836
223,Adults,3,2,-0.4597337,-2.0371222,5.2931833
223,Adults,4,2,2.860069,6.4177265,-1.1572965
223,Adults,5,2,6.1314945,-3.9762218,-0.64490104
223,Adults,6,2,-8.551733,6.113831,-1.6703837
223,Adults,1,3,-3.4483116,-4.622016,-4.4941173
223,Adults,2,3,-5.33464,-1.0382798,4.163469
223,Adults,3,3,-3.7613723,-5.295351,-3.1031864
223,Adults,4,3,-3.5225992,0.08364217,4.525877
223,Adults,5,3,-4.3092294,-1.4218557,3.5531666
223,Adults,6,3,-5.282822,-1.9128903,5.0307446
223,Adults,1,4,-2.5030804,6.3003583,-2.2605114
223,Adults,2,4,-1.9109122,5.0502086,-1.9095889
223,Adults,3,4,8.047254,0.60646564,-1.4838233
223,Adults,4,4,6.7750387,-4.484964,-0.10379651
223,Adults,5,4,3.4042366,5.3837986,0.4710572
223,Adults,6,4,16.870296,1.4782146,0.10502644
235,Adults,1,1,5.9639964,-0.8153259,-1.3011618
235,Adults,2,1,-3.88037,-2.0231228,-2.3557012
235,Adults,3,1,-24.412144,21.181149,-4.078855
235,Adults,4,1,-5.0122395,-4.978598,-2.6065936
235,Adults,5,1,-4.284445,-1.9127574,-2.1767898
235,Adults,6,1,6.036166,-0.78837234,-1.3091733
235,Adults,1,2,-3.6431684,-4.495778,-1.4332972
235,Adults,2,2,-2.4070692,4.5217457,0.56749076
235,Adults,3,2,-8.0819235,-6.166032,16.092274
235,Adults,4,2,7.8934627,-2.0618963,-0.8284252
235,Adults,5,2,-1.9834435,4.996039,0.34090275
235,Adults,6,2,1.0985104,-0.070444494,2.7138197
235,Adults,1,3,-0.14291817,0.02497497,4.1738687
235,Adults,2,3,6.9261837,0.19004875,-0.8767816
235,Adults,3,3,-12.75123,-19.77027,-9.897724
235,Adults,4,3,-1.6482671,-0.0052854805,5.51515
235,Adults,5,3,8.32849,-0.44654098,-0.46848574
235,Adults,6,3,-4.787495,-2.807808,-0.6655982
235,Adults,1,4,-2.1779099,5.286126,-1.4394088
235,Adults,2,4,-0.63874555,-2.688673,2.6649919
235,Adults,3,4,45.245293,4.7551613,-2.1156967
235,Adults,4,4,-1.2329552,7.0457807,-2.080132
235,Adults,5,4,-2.0606024,-2.6367397,2.3043723
235,Adults,6,4,-2.3471825,3.6666238,-0.73904806
202,Adults,1,1,3.5969133,7.1439285,-0.84343797
202,Adults,2,1,-6.488252,7.1923604,-1.9454371
202,Adults,3,1,7.132388,-0.22046807,-4.511005
202,Adults,4,1,7.2955055,-3.541912,1.2214551
202,Adults,5,1,6.0688667,-2.7013378,-1.7901471
202,Adults,6,1,-0.63445824,-3.0200706,5.3136716
202,Adults,1,2,-5.3276963,0.31737763,3.4648824
202,Adults,2,2,10.089202,3.5154173,1.2520678
202,Adults,3,2,-7.102954,-0.8755684,-4.4767447
202,Adults,4,2,-4.134674,-4.1534147,-3.2391412
202,Adults,5,2,-0.3976405,-1.1867678,4.6799536
202,Adults,6,2,-5.507566,-3.1821425,-3.6945448
202,Adults,1,3,-5.6885004,-2.3918877,-3.1235523
202,Adults,2,3,0.8998004,-6.850223,-4.098501
202,Adults,3,3,0.3311521,-6.146015,5.228834
202,Adults,4,3,-5.0134926,0.81411386,3.7928092
202,Adults,5,3,-5.939555,-2.3967683,-2.1747375
202,Adults,6,3,-1.9097577,6.9648695,0.39550167
202,Adults,1,4,7.419286,-5.069419,0.5021082
202,Adults,2,4,-4.5007524,-3.857556,4.7918687
202,Adults,3,4,-0.36058766,7.2420497,3.7589157
202,Adults,4,4,1.8526644,6.8812127,-1.7751205
202,Adults,5,4,0.2683287,6.2848735,-0.7150691
202,Adults,6,4,8.051782,-0.76265746,-2.0146277
306,Adults,1,1,-5.816095,10.1121855,-3.3339531
306,Adults,2,1,9.369514,-4.996414,0.9321744
306,Adults,3,1,7.9753556,1.2164893,-4.9370227
306,Adults,4,1,-6.407829,-5.6361604,-2.7893279
306,Adults,5,1,7.341537,-4.007541,-0.65878826
306,Adults,6,1,-2.191807,8.63768,-0.60292083
306,Adults,1,2,-8.72119,-9.073243,-0.6255533
306,Adults,2,2,-3.127462,3.1865516,7.109769
306,Adults,3,2,3.297417,-4.8391976,5.958927
306,Adults,4,2,9.792074,-0.34972674,-2.6258748
306,Adults,5,2,-5.684366,-1.788087,-4.762565
306,Adults,6,2,-3.4165907,-2.7191048,7.193715
306,Adults,1,3,3.896314,1.3730454,9.930699
306,Adults,2,3,2.689951,6.276528,-5.018879
306,Adults,3,3,-7.889402,-4.1082425,-3.6102612
306,Adults,4,3,0.7243619,-1.6754457,6.225605
306,Adults,5,3,1.9901043,7.165674,-0.4368092
306,Adults,6,3,13.003196,-1.6729395,-1.2491977
306,Adults,1,4,10.640972,-2.411986,-5.9711924
306,Adults,2,4,-8.932006,-4.466662,-3.0230656
306,Adults,3,4,-3.3833694,7.7309513,2.5883536
306,Adults,4,4,-4.1086063,7.661329,-0.81040305
306,Adults,5,4,-3.647277,-1.3700479,5.858164
306,Adults,6,4,-7.3948,-4.2456355,-5.341595
293,Adults,1,1,-2.8845172,8.415335,-1.3313825
293,Adults,2,1,-6.906518,-6.5109286,-2.1135006
293,Adults,3,1,9.237552,-0.37207535,-3.857474
293,Adults,4,1,1.8429995,-2.2617238,4.471544
293,Adults,5,1,-7.0463066,-4.738003,-1.0966092
293,Adults,6,1,-5.702293,-3.1200163,-2.619164
293,Adults,1,2,2.0721192,-0.19285528,4.548081
293,Adults,2,2,-6.6664886,7.2511377,-0.7187511
293,Adults,3,2,1.3193637,-5.1590004,5.7920136
293,Adults,4,2,5.9597487,-0.38370532,-3.0162451
293,Adults,5,2,7.0831275,0.94941914,-3.6148984
293,Adults,6,2,-2.442298,-2.0069766,3.6188116
293,Adults,1,3,12.508987,-2.953914,-2.1023664
293,Adults,2,3,11.434795,0.53293955,-2.7369657
293,Adults,3,3,-2.0574677,8.887754,1.7928214
293,Adults,4,3,-2.1328323,6.0655932,0.41943794
293,Adults,5,3,-5.8191123,5.345645,0.8072804
293,Adults,6,3,-1.0943031,6.780151,-0.3037406
293,Adults,1,4,-11.69659,-5.268566,-1.1143335
293,Adults,2,4,2.1382124,-1.2731507,5.5692153
293,Adults,3,4,-8.499443,-3.3566818,-3.7273614
293,Adults,4,4,-5.669915,-3.4201646,-1.8747377
293,Adults,5,4,5.7822933,-1.557061,3.9042282
293,Adults,6,4,9.238895,-1.6531572,-0.69590724
260,Adults,1,1,-4.6072063,-4.681485,-3.777375
260,Adults,2,1,-4.6336126,6.3087683,-1.3693712
260,Adults,3,1,9.079331,0.5933428,-0.67746943
260,Adults,4,1,-3.6271257,0.8538289,6.250524
260,Adults,5,1,8.189813,-3.215188,-2.5370595
260,Adults,6,1,10.678199,-1.7157682,-0.628983
260,Adults,1,2,-0.6260133,7.3698316,-1.8137606
260,Adults,2,2,-1.6304749,-5.573534,-4.2168956
260,Adults,3,2,-3.9648228,6.3147993,-1.7527399
260,Adults,4,2,2.4218225,7.918368,-2.3929355
260,Adults,5,2,-1.4891087,-3.2331443,5.458583
260,Adults,6,2,-1.3042779,7.56559,-0.36002055
260,Adults,1,3,-4.5550365,-0.65252286,5.108036
260,Adults,2,3,8.319802,1.7959036,-0.16740595
260,Adults,3,3,-2.0371664,-1.5466607,6.4222374
260,Adults,4,3,-6.484371,-3.624609,-4.1011786
260,Adults,5,3,1.3184196,7.8422422,0.5867095
260,Adults,6,3,-3.7253716,-2.5239804,6.1529827
260,Adults,1,4,9.788256,-2.0358257,0.48310053
260,Adults,2,4,-2.0557134,-2.5311344,5.7536755
260,Adults,3,4,-3.0773394,-5.3614836,-3.9920294
260,Adults,4,4,7.6896734,-5.1475854,0.24359027
260,Adults,5,4,-8.019122,-1.3939079,-3.5082314
260,Adults,6,4,-5.648549,-3.3258426,-5.1639786
292,Adults,1,1,-5.9114876,-3.0613775,-2.9987934
292,Adults,2,1,-4.671506,5.893031,1.0335964
292,Adults,3,1,7.1267633,2.6010644,-0.3858693
292,Adults,4,1,14.437738,2.0959647,-2.420629
292,Adults,5,1,-2.9170685,2.2297463,3.794533
292,Adults,6,1,6.9282093,2.7395766,-1.0489737
292,Adults,1,2,8.407273,-3.7830455,1.0962632
292,Adults,2,2,-0.74359745,-4.0451665,5.2406507
292,Adults,3,2,-1.0068029,-4.6206193,-3.8813617
292,Adults,4,2,-7.1850195,-6.4812775,-4.019545
292,Adults,5,2,7.183726,-2.2601478,1.0053968
292,Adults,6,2,-1.8840888,-3.4805064,-3.6177013
292,Adults,1,3,-6.113759,1.1359894,3.475971
292,Adults,2,3,9.092384,1.3881521,-1.1235052
292,Adults,3,3,-0.8771091,-2.8863363,4.8593545
292,Adults,4,3,-8.679679,8.22101,0.30890027
292,Adults,5,3,-5.585984,-3.2873955,-1.4740953
292,Adults,6,3,-6.0766983,3.699816,0.61430484
292,Adults,1,4,3.6179736,5.708435,-1.5734403
292,Adults,2,4,-3.6772807,-3.2360146,-5.1507444
292,Adults,3,4,-5.2428517,4.905891,-0.5921235
292,Adults,4,4,1.4269564,-3.8356953,6.1312747
292,Adults,5,4,1.3193274,3.317798,-3.3258324
292,Adults,6,4,1.0325778,-2.9588876,4.0523686
203,Adults,1,1,7.1133723,-2.6307962,1.3005042
203,Adults,2,1,-0.07071755,5.1217036,-1.0501273
203,Adults,3,1,3.342474,5.083375,-2.659757
203,Adults,4,1,-0.11605867,5.9353514,-2.5320694
203,Adults,5,1,-6.084035,-0.38194284,5.165626
203,Adults,6,1,9.847568,-0.18236613,-1.0921175
203,Adults,1,2,-3.960414,2.5040622,3.6036007
203,Adults,2,2,-5.607854,-2.4698648,-2.4062285
203,Adults,3,2,-3.4302223,1.7537943,4.89307
203,Adults,4,2,-3.600887,0.6165178,4.7998056
203,Adults,5,2,-6.1089125,-3.0743437,-4.537195
203,Adults,6,2,-1.4527526,-0.68906826,5.4083176
203,Adults,1,3,1.1408486,5.3683457,-2.9507828
203,Adults,2,3,7.0031443,-2.0414958,-1.0795075
203,Adults,3,3,-7.0997324,-2.6714005,-2.92054
203,Adults,4,3,-4.0121827,-4.5607424,-2.9398186
203,Adults,5,3,9.918035,-3.7899954,0.6725195
203,Adults,6,3,-4.648726,-4.4971294,-2.706279
203,Adults,1,4,-4.2938075,-5.241611,-1.953321
203,Adults,2,4,-1.3245724,-0.6103419,4.535863
203,Adults,3,4,7.187479,-4.165769,0.68722713
203,Adults,4,4,7.7291284,-1.9911263,0.6720811
203,Adults,5,4,2.2749119,7.246283,-1.300953
203,Adults,6,4,-3.7460873,5.3685627,-1.6099192
271,Adults,1,1,-7.382507,21.261898,-7.7243166
271,Adults,2,1,0.04870708,5.7971587,2.8161514
271,Adults,3,1,-3.836813,-4.154382,-2.7970743
271,Adults,4,1,-4.879965,-0.12324626,4.5064125
271,Adults,5,1,-10.296998,-3.8293736,5.2067237
271,Adults,6,1,-13.667216,-5.7072163,-1.4752051
271,Adults,1,2,44.93308,-5.2115645,-1.2708509
271,Adults,2,2,-0.5001292,-5.295347,3.3686676
271,Adults,3,2,-2.5853503,0.347679,4.822359
271,Adults,4,2,0.24332443,5.6180425,-1.903092
271,Adults,5,2,-24.354315,-0.5985212,-4.1666775
271,Adults,6,2,-1.9985931,8.373731,-2.6641462
271,Adults,1,3,-13.029895,-0.21123837,19.201973
271,Adults,2,3,-10.056546,-0.11390042,-3.2355494
271,Adults,3,3,-0.2378905,5.8558855,-2.2070568
271,Adults,4,3,-3.8027885,-3.62716,-3.6288152
271,Adults,5,3,27.264452,-4.3624897,-2.0213864
271,Adults,6,3,15.59442,-3.934522,-1.6608871
271,Adults,1,4,-24.520674,-15.839099,-10.206814
271,Adults,2,4,10.507968,-0.3879124,-2.949271
271,Adults,3,4,6.6600523,-2.0491817,0.18177085
271,Adults,4,4,8.439428,-1.8676347,1.0254945
271,Adults,5,4,7.3868566,8.790383,0.9813418
271,Adults,6,4,0.07138979,1.2680057,5.8002386
252,Adults,1,1,0.19166514,-3.6412144,4.000948
252,Adults,2,1,-6.2130265,-1.528768,-5.1905894
252,Adults,3,1,-6.324099,-3.2891204,-3.9219766
252,Adults,4,1,-3.9043918,-3.9815645,4.873933
252,Adults,5,1,6.0435967,-3.976443,2.2121341
252,Adults,6,1,-0.17128398,6.515833,-4.2506537
252,Adults,1,2,-3.9120314,-4.1185746,-3.10963
252,Adults,2,2,-5.1164336,0.18995444,5.8629436
252,Adults,3,2,7.9025044,2.6337695,-3.0542421
252,Adults,4,2,-5.355947,7.7825823,-1.1320385
252,Adults,5,2,-3.2644298,3.5642083,4.8544884
252,Adults,6,2,-7.558145,-5.262154,-1.8264967
252,Adults,1,3,-3.8175824,6.508458,0.5471435
252,Adults,2,3,4.4570823,7.339556,-0.9807527
252,Adults,3,3,-4.5205183,5.8347044,2.8396986
252,Adults,4,3,10.232721,2.0027885,0.8324823
252,Adults,5,3,-5.733713,-3.965026,-2.6882877
252,Adults,6,3,9.282824,-3.7470195,-0.46997923
252,Adults,1,4,7.5379496,1.2513317,-1.4384614
252,Adults,2,4,6.8723774,-6.0007443,0.30839527
252,Adults,3,4,2.9421098,-5.1793523,4.1365204
252,Adults,4,4,-0.97238255,-5.803807,-4.574374
252,Adults,5,4,2.9545453,4.377261,-4.378334
252,Adults,6,4,-1.553391,2.4933405,6.547129
270,Adults,1,1,4.6846986,-3.1737354,4.577308
270,Adults,2,1,10.899811,0.234502,-2.6081588
270,Adults,3,1,-6.82986,-2.4866123,-3.6492052
270,Adults,4,1,-4.3826637,6.2716975,0.59531355
270,Adults,5,1,0.6395852,8.277016,-1.6214162
270,Adults,6,1,-0.87086636,10.644445,-1.1385978
270,Adults,1,2,-5.7609234,5.777414,1.6974763
270,Adults,2,2,-5.98081,9.013807,-1.0761797
270,Adults,3,2,-2.2966444,6.346975,2.5790894
270,Adults,4,2,6.965708,0.6353908,-3.6031463
270,Adults,5,2,8.962685,-3.4067194,0.16018733
270,Adults,6,2,12.790948,-3.6153762,-3.1352718
270,Adults,1,3,8.254483,1.9090164,-3.6744137
270,Adults,2,3,-6.4895563,-8.17344,-2.010587
270,Adults,3,3,1.7759434,-4.6585035,4.819388
270,Adults,4,3,-6.288976,-4.8682795,-1.6569126
270,Adults,5,3,-5.393158,-4.003101,-4.857732
270,Adults,6,3,-0.6847974,-2.2235599,8.25835
270,Adults,1,4,-7.17826,-4.512693,-2.6003675
270,Adults,2,4,1.5705551,-1.074871,5.694924
270,Adults,3,4,7.3505626,0.7981394,-3.7492733
270,Adults,4,4,3.7059324,-2.0388107,4.6647468
270,Adults,5,4,-4.209112,-0.8671971,6.3189583
270,Adults,6,4,-11.235284,-4.805512,-3.9844828
228,Adults,1,1,2.4878042,1.9809946,6.15211
228,Adults,2,1,-9.968878,-6.4756966,-3.2899673
228,Adults,3,1,-6.5611315,2.6513703,3.2642128
228,Adults,4,1,-3.3539207,-7.201063,-4.227899
228,Adults,5,1,-21.684538,-9.558797,-3.9135191
228,Adults,6,1,-26.767916,-4.9999876,14.528031
228,Adults,1,2,-7.595763,-5.519961,0.06786387
228,Adults,2,2,-1.3689104,-3.4954782,4.736238
228,Adults,3,2,-6.7174606,-4.4168596,-2.5166717
228,Adults,4,2,-6.1542516,7.3467226,-1.4935981
228,Adults,5,2,2.075853,13.8856535,-10.207644
228,Adults,6,2,40.74919,-16.569338,-3.2964728
228,Adults,1,3,8.716415,-2.7656634,-3.021066
228,Adults,2,3,27.191296,2.0615194,-1.1439792
228,Adults,3,3,9.078182,-4.0366516,1.5685964
228,Adults,4,3,-0.6187332,-2.097299,7.567075
228,Adults,5,3,-2.2421052,5.875489,15.44986
228,Adults,6,3,-40.24686,0.37862107,-12.301714
228,Adults,1,4,-3.6084552,6.3046308,-3.1989076
228,Adults,2,4,-15.853505,7.909659,-0.3022967
228,Adults,3,4,4.2004085,5.8021417,-2.3161364
228,Adults,4,4,10.126907,1.9516411,-1.8455776
228,Adults,5,4,21.850784,-10.202343,-1.3286967
228,Adults,6,4,26.265587,21.190704,1.0701522
232,Adults,1,1,-7.1183453,-6.0362234,-2.305368
232,Adults,2,1,-5.4053135,6.4879146,0.89870614
232,Adults,3,1,0.89666295,10.516463,-2.1001828
232,Adults,4,1,-3.548686,-0.6693704,2.6697798
232,Adults,5,1,0.32046422,-2.3572743,-2.3750947
232,Adults,6,1,6.060888,-4.9139647,-0.27219126
232,Adults,1,2,-0.91049194,-0.17003134,5.741441
232,Adults,2,2,7.974023,2.6682131,-2.0332808
232,Adults,3,2,10.547359,-5.464519,-1.3420448
232,Adults,4,2,-2.8042297,6.7414975,-0.8850825
232,Adults,5,2,6.459039,1.8461182,0.2719851
232,Adults,6,2,-4.218685,-0.76386005,4.571316
232,Adults,1,3,-2.2313497,8.549793,-1.9270569
232,Adults,2,3,-3.4712143,-5.0429044,-4.5835752
232,Adults,3,3,-1.8871604,-0.009675526,6.3803086
232,Adults,4,3,13.029918,-1.2185706,-0.24987113
232,Adults,5,3,-5.477602,2.515328,-0.41727543
232,Adults,6,3,3.4137087,6.5057793,-0.19160618
232,Adults,1,4,10.260187,-2.3435395,-1.5090164
232,Adults,2,4,0.9025022,-4.113224,5.718151
232,Adults,3,4,-9.556862,-5.0422688,-2.938081
232,Adults,4,4,-6.677002,-4.8535557,-1.5348265
232,Adults,5,4,-1.3019028,-2.0041711,2.520384
232,Adults,6,4,-5.2559104,-0.8279565,-4.1075177
302,Adults,1,1,-3.617775,-4.7032766,3.9558647
302,Adults,2,1,-0.9231662,-6.5044203,-3.6533408
302,Adults,3,1,-5.4776406,-4.821056,0.5812449
302,Adults,4,1,-2.3953803,-2.6250486,-3.825977
302,Adults,5,1,-4.199808,-4.3065243,-2.955499
302,Adults,6,1,-5.5544114,-4.856016,-2.4880795
302,Adults,1,2,-5.970045,1.3775958,-3.938579
302,Adults,2,2,-3.8461564,6.5714326,-2.4163232
302,Adults,3,2,4.083285,0.9818751,4.4053874
302,Adults,4,2,-2.6089878,-2.464497,3.8419785
302,Adults,5,2,6.84399,2.5898929,-2.483488
302,Adults,6,2,-3.047765,-0.07570154,4.4337883
302,Adults,1,3,6.9589357,-4.0493484,-2.1146681
302,Adults,2,3,8.243673,1.6246141,0.71871793
302,Adults,3,3,-4.1285872,5.348462,-1.319612
302,Adults,4,3,-2.1262386,5.2943926,-0.10512446
302,Adults,5,3,-5.566091,4.8100395,1.3322096
302,Adults,6,3,9.600706,-2.1019022,-0.21223366
302,Adults,1,4,2.6288824,7.3750315,2.0973828
302,Adults,2,4,-3.474353,-1.6916263,5.350945
302,Adults,3,4,5.522941,-1.5092824,-3.6670208
302,Adults,4,4,7.130606,-0.20484832,0.0891228
302,Adults,5,4,2.9219108,-3.0934064,4.106777
302,Adults,6,4,-0.9985299,7.033619,-1.7334745
