,subject,age_group,age_num,run,z,scaled_accuracy,distance
0,222,6-9yo,6.92,1,0.057815564,27.18624274,23.06039167
1,222,6-9yo,6.92,2,0.311313438,28.6115798,22.54505833
2,222,6-9yo,6.92,3,-0.061789794,17.53210327,26.52568333
3,222,6-9yo,6.92,4,0.085969494,44.27911912,17.44994167
4,222,6-9yo,6.92,5,0.130900224,0.902221839,30.38270833
5,222,6-9yo,6.92,6,-0.039805319,35.76011705,20.17310833
6,211,6-9yo,7.25,1,-0.264991813,30.78464922,21.98011667
7,211,6-9yo,7.25,2,-0.227216357,37.02051944,20.42861667
8,211,6-9yo,7.25,3,0.318941094,22.47478742,24.67034167
9,211,6-9yo,7.25,4,-0.109866256,29.30954206,22.537075
10,211,6-9yo,7.25,5,0.111296616,7.263136764,29.807275
11,211,6-9yo,7.25,6,-1.175988271,-2.467096923,32.137
12,351,6-9yo,7.5,1,0.457903281,26.32592983,23.87355833
13,351,6-9yo,7.5,2,0.370381291,19.21392671,25.768975
14,351,6-9yo,7.5,3,-0.053828436,33.67355067,21.61744167
15,351,6-9yo,7.5,4,-0.425562599,55.02357603,14.32448333
16,351,6-9yo,7.5,5,-0.217350894,40.79668265,19.253025
17,351,6-9yo,7.5,6,0.55829212,48.25823683,16.53186667
18,298,6-9yo,7.83,1,0.203447795,18.5745535,25.37410833
19,298,6-9yo,7.83,2,0.189424788,30.35073638,21.85649167
20,298,6-9yo,7.83,3,1.125362311,24.10320171,23.794525
21,298,6-9yo,7.83,4,-0.719935114,43.18103834,17.28650833
22,298,6-9yo,7.83,5,0.209705896,55.3002773,14.05251667
23,298,6-9yo,7.83,6,0.579893158,62.32707817,11.6082
24,226,6-9yo,7.92,1,0.302495668,37.99105145,18.664725
25,226,6-9yo,7.92,2,0.64040776,47.95630184,15.73343333
26,226,6-9yo,7.92,3,-0.280198162,16.78239363,25.7102
27,226,6-9yo,7.92,4,-0.232596254,28.18881328,22.537875
28,226,6-9yo,7.92,5,1.394300617,43.95532837,17.77151667
29,226,6-9yo,7.92,6,-0.194413006,25.89687656,22.96436667
30,323,6-9yo,7.92,1,0.380630321,75.83404657,7.589441667
31,323,6-9yo,7.92,2,-0.375357036,54.08486525,14.51291667
32,323,6-9yo,7.92,3,0.198940689,71.58710904,9.039983333
33,323,6-9yo,7.92,4,0.243245105,52.5442554,15.014575
34,323,6-9yo,7.92,5,0.028334661,36.10228384,20.73228333
35,323,6-9yo,7.92,6,0.726495624,33.74536907,21.01406667
36,341,6-9yo,7.92,1,1.307861588,39.13728778,19.618125
37,341,6-9yo,7.92,2,-0.115112784,3.572211074,30.27658333
38,341,6-9yo,7.92,3,-0.441987743,24.96144824,23.93714167
39,341,6-9yo,7.92,4,-0.199285375,22.8716676,24.25524167
40,341,6-9yo,7.92,5,0.030429119,13.8579702,27.53605833
41,341,6-9yo,7.92,6,-0.415696489,9.362601368,28.612275
42,229,6-9yo,8.17,1,0.271890159,13.92787941,27.26749167
43,229,6-9yo,8.17,2,0.21324175,55.96374705,14.036675
44,229,6-9yo,8.17,3,-0.097964275,58.24767988,13.33133333
45,229,6-9yo,8.17,4,-0.005883911,73.90479169,8.435833333
46,229,6-9yo,8.17,5,-0.02495424,64.45051524,11.47175833
47,229,6-9yo,8.17,6,-0.258849856,62.23483499,12.33050833
48,279,6-9yo,8.17,1,-1.079076987,27.02815053,23.119425
49,279,6-9yo,8.17,2,-0.346703817,43.14195123,18.21845
50,279,6-9yo,8.17,3,-0.51371405,40.57943777,18.670625
51,279,6-9yo,8.17,4,-0.079777245,60.86190024,12.27810833
52,279,6-9yo,8.17,5,-0.681149753,42.36686731,18.54016667
53,279,6-9yo,8.17,6,-0.167761803,57.98161725,13.39965833
54,282,6-9yo,8.25,1,-0.725082151,58.62371688,13.00025
55,282,6-9yo,8.25,2,0.588374566,66.98568989,10.44156667
56,282,6-9yo,8.25,3,-0.460314516,34.83868428,20.45836667
57,282,6-9yo,8.25,4,-0.290440457,15.78251923,25.49025833
58,282,6-9yo,8.25,5,0.332574026,61.73463532,11.94113333
59,282,6-9yo,8.25,6,-0.273338024,68.50340518,9.566866667
60,350,6-9yo,8.25,1,1.508148651,60.89101893,12.46328333
61,350,6-9yo,8.25,2,-0.027824341,43.60915859,17.06904167
62,350,6-9yo,8.25,3,0.16837573,11.53230512,28.25800833
63,350,6-9yo,8.25,4,-0.408243333,73.83510599,8.100958333
64,350,6-9yo,8.25,5,1.003981148,71.28371569,8.530341667
65,350,6-9yo,8.25,6,0.014467184,72.04666889,8.431616667
66,212,6-9yo,8.42,1,-1.134071001,64.17177448,11.27923333
67,212,6-9yo,8.42,2,-0.131973783,72.03007404,8.805958333
68,212,6-9yo,8.42,3,-0.148360655,69.04229333,9.612741667
69,212,6-9yo,8.42,4,-0.090443682,60.63810361,12.38468333
70,212,6-9yo,8.42,5,0.263225903,77.88206272,6.805916667
71,212,6-9yo,8.42,6,0.730343826,45.09119005,17.40489167
72,240,6-9yo,8.75,1,0.488484583,28.59922475,22.64818333
73,240,6-9yo,8.75,2,-0.719647957,10.84783418,27.58591667
74,240,6-9yo,8.75,3,0.192113009,6.692777642,29.52908333
75,240,6-9yo,8.75,4,0.338191972,7.252845883,28.74175
76,240,6-9yo,8.75,5,-0.768220955,11.72822405,27.73803333
77,240,6-9yo,8.75,6,0.147425338,18.3654971,25.77869167
78,262,6-9yo,8.75,1,-0.128175679,13.50823726,27.05139167
79,262,6-9yo,8.75,2,-0.202414418,48.99221747,15.46875833
80,262,6-9yo,8.75,3,-0.279988484,32.57298189,20.83706667
81,262,6-9yo,8.75,4,-0.409932997,53.24959018,14.48626667
82,262,6-9yo,8.75,5,-0.056965253,53.81407383,14.36218333
83,262,6-9yo,8.75,6,-0.131847183,35.08770241,19.79925833
84,297,6-9yo,8.75,1,0.239765056,56.97796583,13.98941667
85,297,6-9yo,8.75,2,-0.309593784,38.67648056,19.75388333
86,297,6-9yo,8.75,3,-0.257898686,63.05746911,11.98083333
87,297,6-9yo,8.75,4,-0.239443054,6.263630246,29.52466667
88,297,6-9yo,8.75,5,0.326342417,68.80796772,10.03700833
89,297,6-9yo,8.75,6,-0.457381913,39.54042271,19.08203333
90,280,6-9yo,9,1,-0.395955814,49.30636864,16.246575
91,280,6-9yo,9,2,-0.277764949,28.41664731,22.74643333
92,280,6-9yo,9,3,-0.261220777,72.33276546,8.494425
93,280,6-9yo,9,4,0.086627612,54.69114434,14.2642
94,280,6-9yo,9,5,0.636667465,45.5649695,16.22549167
95,280,6-9yo,9,6,-0.142993553,61.03346541,12.31543333
96,329,6-9yo,9,1,-0.173197227,29.26695549,22.62866667
97,329,6-9yo,9,2,-0.353644956,17.09744021,26.11385833
98,329,6-9yo,9,3,0.275404248,31.53368587,21.67174167
99,329,6-9yo,9,4,0.098256007,49.96577646,15.77366667
100,329,6-9yo,9,5,-0.668917214,37.13684714,20.34550833
101,329,6-9yo,9,6,0.057520258,46.39937324,17.13098333
102,253,6-9yo,9.08,1,0.423287543,75.55990609,7.882658333
103,253,6-9yo,9.08,2,0.003375616,75.99574576,7.345033333
104,253,6-9yo,9.08,3,-1.896125659,87.27037578,4.0271
105,253,6-9yo,9.08,4,0.529642188,75.65994575,7.638258333
106,253,6-9yo,9.08,5,-0.518400576,85.27886983,4.743558333
107,253,6-9yo,9.08,6,0.193874484,85.00526782,4.781858333
108,268,6-9yo,9.08,1,-0.720978206,60.2550947,12.976325
109,268,6-9yo,9.08,2,-0.644381001,58.45039811,13.308525
110,268,6-9yo,9.08,3,-0.530172671,76.96860698,7.055941667
111,268,6-9yo,9.08,4,-1.325969751,54.71799347,14.35038333
112,268,6-9yo,9.08,5,-0.366302879,49.6428029,15.53696667
113,268,6-9yo,9.08,6,0.245896777,47.66828995,16.34469167
114,221,6-9yo,9.5,1,0.591824784,39.63786593,19.80836667
115,221,6-9yo,9.5,2,-0.272028123,42.23861247,18.2415
116,221,6-9yo,9.5,3,0.772322438,51.96332956,15.56290833
117,221,6-9yo,9.5,4,-0.840570985,52.91876629,14.87353333
118,221,6-9yo,9.5,5,-0.04561936,50.35900632,16.4469
119,221,6-9yo,9.5,6,-0.449093443,41.62837195,18.68071667
120,343,6-9yo,9.75,1,-0.343122491,55.72988344,14.10725
121,343,6-9yo,9.75,2,0.980495219,78.33524893,6.741366667
122,343,6-9yo,9.75,3,0.742521161,55.10750163,14.65866667
123,343,6-9yo,9.75,4,-0.114866377,37.92747812,19.55005
124,343,6-9yo,9.75,5,0.004369402,62.92036052,12.00885
125,343,6-9yo,9.75,6,0.490253194,47.49035505,17.088175
126,273,6-9yo,9.83,1,0.616149116,52.20497011,15.41285833
127,273,6-9yo,9.83,2,0.022018945,58.28722332,13.13985
128,273,6-9yo,9.83,3,1.658090838,62.32958751,12.0085
129,273,6-9yo,9.83,4,0.069838121,61.73433028,11.992975
130,273,6-9yo,9.83,5,1.049310201,47.66339493,17.01549167
131,273,6-9yo,9.83,6,0.135516104,32.95922853,21.22876667
132,324,6-9yo,9.92,1,0.061056868,54.59731723,14.52941667
133,324,6-9yo,9.92,2,0.135568908,22.8403613,24.442225
134,324,6-9yo,9.92,3,-0.106763063,59.18432411,12.83396667
135,324,6-9yo,9.92,4,-0.269279608,62.67277556,11.2033
136,324,6-9yo,9.92,5,0.986219322,65.05201248,11.03629167
137,324,6-9yo,9.92,6,-0.438210588,77.35321577,6.965366667
138,239,10-12yo,12.67,1,-0.210116945,79.97086354,6.4464
139,239,10-12yo,12.67,2,-0.019416197,67.03409133,10.70315
140,239,10-12yo,12.67,3,0.230564428,62.72843011,12.32809167
141,239,10-12yo,12.67,4,0.394271122,80.50987316,6.134875
142,239,10-12yo,12.67,5,0.225164646,77.65731607,7.173683333
143,239,10-12yo,12.67,6,0.001767121,68.80940913,9.935266667
144,247,10-12yo,12.67,1,0.093280366,59.22304138,13.10179167
145,247,10-12yo,12.67,2,-0.254441547,80.11631034,6.257458333
146,247,10-12yo,12.67,3,0.596395548,75.75738132,7.781758333
147,247,10-12yo,12.67,4,-0.290745205,85.07127291,4.72925
148,247,10-12yo,12.67,5,-0.490063723,51.00019422,15.93369167
149,247,10-12yo,12.67,6,0.373831955,73.41105246,8.669591667
150,220,10-12yo,11.67,1,0.741553126,4.396805077,29.34028333
151,220,10-12yo,11.67,2,0.633442845,46.84517893,16.94446667
152,220,10-12yo,11.67,3,-0.35757575,47.62422312,15.70191667
153,220,10-12yo,11.67,4,-0.231258311,74.78925166,7.68075
154,220,10-12yo,11.67,5,0.019336595,56.54396093,13.03450833
155,220,10-12yo,11.67,6,-0.346709731,41.04564058,18.49215833
156,243,10-12yo,11.5,1,-0.77532791,34.48716144,21.22414167
157,243,10-12yo,11.5,2,0.087644049,35.82031804,20.19764167
158,243,10-12yo,11.5,3,1.510452277,37.71638611,19.83028333
159,243,10-12yo,11.5,4,0.312125263,46.90633238,16.48765
160,243,10-12yo,11.5,5,-0.929275404,40.33859322,19.30956667
161,243,10-12yo,11.5,6,-0.014382639,41.5187231,18.69781667
162,281,10-12yo,10.75,1,-0.241780709,48.31482245,16.66853333
163,281,10-12yo,10.75,2,-0.587197528,34.13550886,20.55835
164,281,10-12yo,10.75,3,-0.158948456,40.08576052,19.24203333
165,281,10-12yo,10.75,4,-0.405442514,51.90453682,15.293225
166,281,10-12yo,10.75,5,0.125256123,28.84135347,22.82426667
167,281,10-12yo,10.75,6,0.564515833,54.78465331,14.38328333
168,251,10-12yo,11.33,1,-0.159795808,62.34901364,12.14930833
169,251,10-12yo,11.33,2,0.134242027,77.30881717,7.21635
170,251,10-12yo,11.33,3,0.036070518,73.33630693,8.477383333
171,251,10-12yo,11.33,4,0.078330204,79.3770536,6.609991667
172,251,10-12yo,11.33,5,0.389735655,73.97488918,8.305241667
173,251,10-12yo,11.33,6,0.665266949,72.16304026,8.675116667
174,322,10-12yo,12.25,1,0.324288173,31.06654548,21.691325
175,322,10-12yo,12.25,2,-0.156271748,69.54222222,9.434641667
176,322,10-12yo,12.25,3,-0.628182502,66.90418414,10.61796667
177,322,10-12yo,12.25,4,0.364156044,69.29577873,9.338483333
178,322,10-12yo,12.25,5,-1.017900402,65.79469002,10.91999167
179,322,10-12yo,12.25,6,-0.558503782,70.00347247,9.029366667
180,327,10-12yo,10.75,1,-0.304173514,55.21095786,14.54460833
181,327,10-12yo,10.75,2,0.334556167,80.61546996,6.302091667
182,327,10-12yo,10.75,3,1.129368704,88.26913682,3.760791667
183,327,10-12yo,10.75,4,-0.317044838,87.83665783,3.871066667
184,327,10-12yo,10.75,5,0.992873124,78.72278371,7.016208333
185,327,10-12yo,10.75,6,0.132351141,80.21431034,6.443041667
186,314,10-12yo,11.42,1,-0.73828947,32.75789414,20.60145
187,314,10-12yo,11.42,2,0.366280493,21.68046068,24.43345833
188,314,10-12yo,11.42,3,-0.246857661,1.589306734,30.36861667
189,314,10-12yo,11.42,4,0.397131598,68.41329511,9.769083333
190,314,10-12yo,11.42,5,-0.024327896,13.42931299,26.99976667
191,314,10-12yo,11.42,6,-0.348212247,76.35472307,7.390275
192,336,10-12yo,10.67,1,-0.490900683,65.73692957,10.61635833
193,336,10-12yo,10.67,2,0.76059733,75.09795598,7.509883333
194,336,10-12yo,10.67,3,0.087651035,81.63354606,5.767191667
195,336,10-12yo,10.67,4,1.189938699,65.11664856,10.52458333
196,336,10-12yo,10.67,5,0.47128563,82.2165156,5.531541667
197,336,10-12yo,10.67,6,-0.448124796,75.20750854,7.970891667
198,250,10-12yo,11.67,1,0.38782897,47.4076823,16.70140833
199,250,10-12yo,11.67,2,-0.15488032,54.9127254,13.91140833
200,250,10-12yo,11.67,3,-0.540030294,67.0922254,10.57444167
201,250,10-12yo,11.67,4,0.343238383,73.83526257,7.952208333
202,250,10-12yo,11.67,5,-0.23835511,69.38889487,9.489591667
203,250,10-12yo,11.67,6,-0.208851977,73.92322756,8.100741667
204,310,10-12yo,11.83,1,-0.03330409,65.26795463,10.678125
205,310,10-12yo,11.83,2,-0.087061973,73.01310728,8.231541667
206,310,10-12yo,11.83,3,-0.530573532,38.40828695,19.308025
207,310,10-12yo,11.83,4,-0.734668615,48.53219392,15.74565
208,310,10-12yo,11.83,5,-0.338263018,45.46152857,17.34945833
209,310,10-12yo,11.83,6,-0.465455024,37.36809872,19.513625
210,308,10-12yo,12.42,1,-0.254917932,77.87292152,6.978075
211,308,10-12yo,12.42,2,0.067156507,90.03667748,3.007408333
212,308,10-12yo,12.42,3,-0.403463287,87.85579155,3.833875
213,308,10-12yo,12.42,4,0.437965502,88.91238118,3.4205
214,308,10-12yo,12.42,5,-0.267565965,89.32513252,3.29585
215,308,10-12yo,12.42,6,-0.315158786,90.43279654,2.914325
216,331,10-12yo,10.42,1,-0.432003492,75.46877823,7.813866667
217,331,10-12yo,10.42,2,0.762417254,67.0418858,10.608425
218,331,10-12yo,10.42,3,-0.53418208,86.02775296,4.523325
219,331,10-12yo,10.42,4,-0.302987266,80.14645053,6.433541667
220,331,10-12yo,10.42,5,0.27903365,66.47775943,11.01648333
221,331,10-12yo,10.42,6,1.276924568,86.20476165,4.348908333
222,339,10-12yo,10.17,1,1.596632871,76.01214431,7.8575
223,339,10-12yo,10.17,2,-0.119686256,80.86085823,6.159566667
224,339,10-12yo,10.17,3,0.120040809,79.62805149,6.570958333
225,339,10-12yo,10.17,4,0.347252427,55.04092764,14.31753333
226,339,10-12yo,10.17,5,-0.022805306,66.19070495,10.89401667
227,339,10-12yo,10.17,6,0.08658575,59.98761193,12.835875
228,320,10-12yo,11.42,1,0.407299776,66.53824177,10.56568333
229,320,10-12yo,11.42,2,-0.868063046,86.09884536,4.246008333
230,320,10-12yo,11.42,3,-0.359129423,79.14395242,6.56765
231,320,10-12yo,11.42,4,0.021699164,80.41369663,5.993225
232,320,10-12yo,11.42,5,0.176561392,57.72022744,12.79355
233,320,10-12yo,11.42,6,-0.249531662,82.50026699,5.4664
234,246,10-12yo,12.5,1,0.406545286,76.64998886,6.993958333
235,246,10-12yo,12.5,2,0.393918481,80.15226065,6.33675
236,246,10-12yo,12.5,3,0.548910781,88.40639676,3.604666667
237,246,10-12yo,12.5,4,0.504680035,57.32012292,13.22511667
238,246,10-12yo,12.5,5,0.481365466,80.24130949,6.373075
239,246,10-12yo,12.5,6,0.250258011,89.88017798,3.086908333
240,208,10-12yo,12.583,1,-0.374823981,75.22390617,7.857775
241,208,10-12yo,12.583,2,-0.648804589,66.26412557,10.02776667
242,208,10-12yo,12.583,3,-0.509458101,83.02035519,5.291725
243,208,10-12yo,12.583,4,-0.22297939,40.76465439,18.38235833
244,208,10-12yo,12.583,5,0.911810948,69.25150814,9.867233333
245,208,10-12yo,12.583,6,1.015428059,55.25907494,13.62985
246,249,10-12yo,12.67,1,0.277785968,63.14932255,11.74315
247,249,10-12yo,12.67,2,-0.04235149,61.20957496,11.854675
248,249,10-12yo,12.67,3,-0.085414363,65.12016546,11.3372
249,249,10-12yo,12.67,4,-0.022031126,84.79320288,4.8353
250,249,10-12yo,12.67,5,0.309294227,76.05037286,7.432316667
251,249,10-12yo,12.67,6,0.798357071,55.64456705,13.78339167
252,313,10-12yo,11.42,1,0.528746436,58.89486142,13.349225
253,313,10-12yo,11.42,2,0.255269103,52.96788621,15.37514167
254,313,10-12yo,11.42,3,0.335340092,72.89935102,8.706666667
255,313,10-12yo,11.42,4,0.443557382,68.18836209,9.832066667
256,313,10-12yo,11.42,5,0.075719471,80.27942876,6.286433333
257,313,10-12yo,11.42,6,-0.00217192,72.71336567,8.570975
258,315,10-12yo,12.17,1,-0.408501062,81.7212198,5.7958
259,315,10-12yo,12.17,2,1.444418578,69.54303662,9.642616667
260,315,10-12yo,12.17,3,-0.099431855,75.36821243,8.087666667
261,315,10-12yo,12.17,4,0.256963005,75.17331492,7.823233333
262,315,10-12yo,12.17,5,0.404403243,58.51173587,13.60905833
263,315,10-12yo,12.17,6,1.399856244,82.81158634,5.461975
264,333,10-12yo,10.08,1,-0.357155042,43.58583908,18.18425
265,333,10-12yo,10.08,2,0.19156653,74.38211298,8.089908333
266,333,10-12yo,10.08,3,-0.029050029,74.51956684,8.085591667
267,333,10-12yo,10.08,4,0.038934714,83.84360123,5.157591667
268,333,10-12yo,10.08,5,-0.534725291,81.00504511,6.181858333
269,333,10-12yo,10.08,6,-0.043314052,71.89589997,8.809433333
270,201,Adults,19.25,1,-0.315417828,74.43904555,8.283425
271,201,Adults,19.25,2,0.413448966,83.18147528,5.412883333
272,201,Adults,19.25,3,-1.154556731,70.69683187,9.648633333
273,201,Adults,19.25,4,0.485794166,55.95185875,14.012275
274,201,Adults,19.25,5,0.309313348,87.2988114,4.085575
275,201,Adults,19.25,6,-0.633814346,79.85616459,6.508825
276,266,Adults,19.58,1,-0.360606581,69.31034916,9.568166667
277,266,Adults,19.58,2,-0.330296697,85.3321114,4.498075
278,266,Adults,19.58,3,-0.668626664,81.55653848,5.861433333
279,266,Adults,19.58,4,1.004359114,80.90868677,5.76515
280,266,Adults,19.58,5,0.732469767,76.73882197,7.490466667
281,266,Adults,19.58,6,0.114018009,73.75144018,7.672575
282,238,Adults,19.67,1,-0.057696358,74.1043391,7.844675
283,238,Adults,19.67,2,0.570549686,85.478607,4.419683333
284,238,Adults,19.67,3,-0.09413095,88.44726478,3.5533
285,238,Adults,19.67,4,-0.047521329,86.54962775,4.062858333
286,238,Adults,19.67,5,1.478483747,84.19044191,5.028658333
287,238,Adults,19.67,6,0.45018091,79.18409118,6.683141667
288,258,Adults,19.67,1,-0.431871577,56.76749066,13.78560833
289,258,Adults,19.67,2,-0.236955071,71.92060178,8.645783333
290,258,Adults,19.67,3,-0.152126471,80.00570237,6.311591667
291,258,Adults,19.67,4,0.462662004,87.47081543,3.871575
292,258,Adults,19.67,5,0.342418221,86.1096625,4.273366667
293,258,Adults,19.67,6,-0.252374738,85.68589678,4.476608333
294,231,Adults,19.75,1,-0.080034617,63.11400408,11.77880833
295,231,Adults,19.75,2,-0.447599742,87.21186408,4.02795
296,231,Adults,19.75,3,-0.174492564,90.34162482,3.094716667
297,231,Adults,19.75,4,0.412165728,90.2278078,3.077908333
298,231,Adults,19.75,5,0.30190931,79.09603166,6.402641667
299,231,Adults,19.75,6,0.435937506,90.93819,2.83515
300,304,Adults,19.83,1,-0.426814343,19.70509306,24.98854167
301,304,Adults,19.83,2,-0.248680628,59.81662744,12.41730833
302,304,Adults,19.83,3,-0.882977947,51.99452015,15.35794167
303,304,Adults,19.83,4,0.279321516,72.38199232,8.662541667
304,304,Adults,19.83,5,0.788889667,62.28397283,12.08846667
305,304,Adults,19.83,6,0.057597085,53.37250713,14.6342
306,259,Adults,21.67,1,-0.33680276,62.60475755,11.87305833
307,259,Adults,21.67,2,0.255290701,89.14178363,3.413275
308,259,Adults,21.67,3,1.339845805,87.94980363,3.882958333
309,259,Adults,21.67,4,0.686751787,91.06806439,2.832408333
310,259,Adults,21.67,5,0.140150498,88.45380557,3.666883333
311,259,Adults,21.67,6,0.100044174,83.3221413,5.425141667
312,261,Adults,20.25,1,-0.083223704,76.53515813,7.441941667
313,261,Adults,20.25,2,0.15152719,73.96296483,8.431391667
314,261,Adults,20.25,3,-0.285123449,77.18385688,7.325625
315,261,Adults,20.25,4,0.142699895,89.19226533,3.431441667
316,261,Adults,20.25,5,0.164102897,88.07578032,3.813283333
317,261,Adults,20.25,6,1.122161759,81.54914654,5.8161
318,284,Adults,20.42,1,0.069446152,50.29070549,15.25525
319,284,Adults,20.42,2,0.040727417,70.64390995,9.015058333
320,284,Adults,20.42,3,0.972948072,70.20189798,9.442333333
321,284,Adults,20.42,4,-0.405635697,64.94280138,11.02179167
322,284,Adults,20.42,5,0.034498832,73.26900827,8.407066667
323,284,Adults,20.42,6,0.001159781,72.60219013,8.728683333
324,305,Adults,20.67,1,1.350095959,74.52288377,8.329508333
325,305,Adults,20.67,2,0.093579882,86.59800988,4.197808333
326,305,Adults,20.67,3,0.774067079,86.06001653,4.4842
327,305,Adults,20.67,4,0.024051135,70.20071429,9.345108333
328,305,Adults,20.67,5,0.539338686,85.1789359,4.719933333
329,305,Adults,20.67,6,-0.043748042,80.54806997,6.180358333
330,312,Adults,20.75,1,0.802651667,63.06927558,11.9188
331,312,Adults,20.75,2,-0.093795371,72.29150359,8.086775
332,312,Adults,20.75,3,-0.387897733,80.15518939,6.310866667
333,312,Adults,20.75,4,-0.284233847,77.88970036,7.098933333
334,312,Adults,20.75,5,-0.490263505,77.74667301,7.019816667
335,312,Adults,20.75,6,-0.629852007,79.60274284,6.505233333
336,224,Adults,20.83,1,0.338873532,53.72189182,14.32635
337,224,Adults,20.83,2,0.595266416,75.27131554,7.667158333
338,224,Adults,20.83,3,0.114511836,85.93617045,4.381991667
339,224,Adults,20.83,4,-0.662392609,80.61273282,5.886191667
340,224,Adults,20.83,5,0.13386798,79.49441941,6.642558333
341,224,Adults,20.83,6,0.927411241,75.55376034,7.83165
342,291,Adults,20.92,1,-0.791054872,61.59086283,12.42455833
343,291,Adults,20.92,2,-0.034328127,49.5873808,15.98255833
344,291,Adults,20.92,3,-0.267325221,51.29891947,15.6608
345,291,Adults,20.92,4,0.10033996,65.63289287,11.3096
346,223,Adults,21,1,-0.528342846,62.4985794,11.88115833
347,223,Adults,21,2,0.23937421,79.91398427,6.41155
348,223,Adults,21,3,-0.089006955,80.48166782,6.343266667
349,223,Adults,21,4,-0.653963326,76.85410742,7.129025
350,223,Adults,21,5,-0.285858991,81.31636026,5.991775
351,223,Adults,21,6,-0.276388671,86.75905864,4.182866667
352,235,Adults,21.17,1,-0.395073172,75.62407265,7.784225
353,235,Adults,21.17,2,0.422190178,71.72876266,9.210125
354,235,Adults,21.17,3,-0.235853389,82.10243027,5.796583333
355,235,Adults,21.17,4,-0.350562902,76.31016817,7.660491667
356,235,Adults,21.17,5,-0.016736095,84.38465512,5.073008333
357,235,Adults,21.17,6,0.841484308,84.62459668,4.911166667
358,202,Adults,21.25,1,-0.121781039,68.2362283,9.579541667
359,202,Adults,21.25,2,-0.262808026,77.00712448,7.098841667
360,202,Adults,21.25,3,-0.143530412,69.43369619,9.759333333
361,202,Adults,21.25,4,-0.721050351,50.39673051,15.60298333
362,202,Adults,21.25,5,0.603225547,81.15764978,5.907758333
363,202,Adults,21.25,6,0.094610062,71.17116831,8.883983333
364,306,Adults,21.42,1,-0.423677027,74.03029524,8.325633333
365,306,Adults,21.42,2,-0.502150637,74.38015181,7.847183333
366,306,Adults,21.42,3,0.6285416,80.89888292,5.9913
367,306,Adults,21.42,4,-0.528444955,68.38110779,9.944441667
368,306,Adults,21.42,5,-1.101543521,73.88501141,8.205425
369,306,Adults,21.42,6,0.558274766,72.36982055,8.935291667
370,293,Adults,21.67,1,0.678912929,59.81319808,12.45066667
371,293,Adults,21.67,2,0.588777708,9.448953603,28.96711667
372,293,Adults,21.67,3,0.777457157,79.03748401,6.75285
373,293,Adults,21.67,4,0.779246337,67.31206404,10.42915833
374,293,Adults,21.67,5,0.004893545,75.64553655,7.789883333
375,293,Adults,21.67,6,0.655941334,78.33261776,6.932058333
376,260,Adults,21.83,1,0.068496296,67.34880482,10.38405
377,260,Adults,21.83,2,-0.257525522,69.88180369,9.2831
378,260,Adults,21.83,3,-0.838234486,74.82392563,7.8185
379,260,Adults,21.83,4,0.262466878,83.89508892,4.88065
380,260,Adults,21.83,5,0.155030874,84.86086322,4.710491667
381,260,Adults,21.83,6,0.053648984,82.1315472,5.567041667
382,292,Adults,21.92,1,-0.578184242,83.64511509,5.0757
383,292,Adults,21.92,2,-0.364877738,63.78215846,11.399775
384,292,Adults,21.92,3,-0.501091898,38.42735433,20.12626667
385,292,Adults,21.92,4,-0.559948023,84.65794413,4.727225
386,292,Adults,21.92,5,-0.73850407,66.58066356,10.66720833
387,292,Adults,21.92,6,-0.447135384,73.75844169,8.25795
388,203,Adults,22,1,0.012149146,81.84857205,5.826341667
389,203,Adults,22,2,1.561584109,88.66886524,3.55305
390,203,Adults,22,3,0.271226421,86.7560856,4.255025
391,203,Adults,22,4,-0.203047355,87.31628807,3.999033333
392,203,Adults,22,5,0.610405374,89.64229985,3.307233333
393,203,Adults,22,6,-0.162114597,77.08379624,7.129775
394,271,Adults,22,1,-0.747891548,79.31942266,6.605
395,271,Adults,22,2,-0.232624519,52.22662198,15.01553333
396,271,Adults,22,3,1.219341641,78.78076545,6.806366667
397,271,Adults,22,4,0.633166702,75.71643403,7.732091667
398,271,Adults,22,5,0.548702006,77.67482926,7.186166667
399,271,Adults,22,6,0.222399969,76.14879453,7.5024
400,252,Adults,22.42,1,2.015415601,36.26549953,19.70055
401,252,Adults,22.42,2,0.956751944,64.16727505,11.04208333
402,252,Adults,22.42,3,-0.677495488,75.27054064,7.872591667
403,252,Adults,22.42,4,0.263267984,80.25544814,6.154266667
404,252,Adults,22.42,5,0.991834418,86.42965948,4.200541667
405,252,Adults,22.42,6,0.192696503,86.5541768,3.9996
406,270,Adults,24.08,1,0.005681589,48.36410164,16.04270833
407,270,Adults,24.08,2,-0.175511957,69.68492659,9.482516667
408,270,Adults,24.08,3,0.265975312,78.24303026,6.727258333
409,270,Adults,24.08,4,-0.182235982,73.63960396,8.346283333
410,270,Adults,24.08,5,-0.513321106,76.72898421,7.430558333
411,270,Adults,24.08,6,0.367382427,73.83693554,8.172391667
412,228,Adults,24.5,1,0.40980695,74.067059,8.116858333
413,228,Adults,24.5,2,0.009193799,68.90637,9.4208
414,228,Adults,24.5,3,0.904999915,78.20167277,6.812983333
415,228,Adults,24.5,4,0.178003468,78.62679357,6.637108333
416,228,Adults,24.5,5,0.380026102,63.46571297,11.42574167
417,228,Adults,24.5,6,-0.400547408,78.44307119,6.665566667
418,232,Adults,25.25,1,0.609180135,69.44966472,9.688408333
419,232,Adults,25.25,2,0.283852657,81.76489024,5.739508333
420,232,Adults,25.25,3,-0.668437163,86.15974836,4.2691
421,232,Adults,25.25,4,0.312582243,68.06876362,10.220125
422,232,Adults,25.25,5,-0.051122696,86.75356601,4.166208333
423,232,Adults,25.25,6,-0.12018585,82.03293162,5.584983333
424,302,Adults,33.42,1,1.061372969,69.99555872,9.391375
425,302,Adults,33.42,2,-0.275776582,72.91413392,8.544366667
426,302,Adults,33.42,3,-0.826917445,82.56972152,5.429091667
427,302,Adults,33.42,4,0.707081793,71.45179127,9.136208333
428,302,Adults,33.42,5,-0.529111371,75.06746869,7.933283333
429,302,Adults,33.42,6,0.347445645,76.91294817,7.161733333